,alarm clock,apple,apple sliced,arm chair,baseball bat,basket ball,bathtub,bathtub basin,bed,book,bowl,box,bread,bread sliced,butter knife,c d,cabinet,candle,cart,cell phone,cloth,coffee machine,coffee table,counter top,credit card,cup,desk,desk lamp,dining table,dish sponge,drawer,dresser,egg,faucet,floor lamp,fork,fridge,garbage can,glassbottle,hand towel,hand towel holder,house plant,kettle,key chain,knife,ladle,laptop,laundry hamper,laundry hamper lid,lettuce,lettuce sliced,light switch,microwave,mug,newspaper,ottoman,painting hanger,pan,paper towel,paper towel roll,pen,pencil,pepper shaker,pillow,plate,plunger,pot,potato,potato sliced,remote control,safe,salt shaker,scrub brush,shelf,shower door,side table,sink,sink basin,soap bar,soap bottle,sofa,spatula,spoon,spray bottle,statue,stove burner,stove knob,t v stand,teddy bear,television,tennis racket,tissue box,toaster,toilet,toilet paper,toilet paper hanger,toilet paper roll,tomato,tomato sliced,towel,towel holder,vase,watch,watering can,wine bottle
alarm clock, 95,0,0,0,0,0,1,0,72,17,1,7,0,0,0,0,10,1,0,2,0,0,1,0,0,3,13,1,0,0,15,9,0,1,2,0,2,0,0,0,0,0,0,0,0,0,4,0,0,0,0,5,1,1,0,1,0,1,0,0,4,0,0,55,2,0,1,0,0,7,0,0,0,17,0,6,1,0,0,0,3,0,0,0,0,0,0,0,4,2,0,1,0,0,0,0,0,0,0,2,0,4,1,0,0
apple, 0,824,0,1,0,0,1,0,10,24,169,95,30,0,0,0,31,9,6,10,26,0,3,12,0,56,45,1,0,0,11,2,11,8,0,28,17,2,0,0,0,0,3,1,56,2,62,0,0,24,0,6,11,17,3,0,0,14,3,0,11,1,2,10,127,0,22,18,0,1,0,4,0,48,0,0,20,0,0,0,4,3,31,1,0,0,0,0,3,3,1,0,7,4,0,0,0,24,0,19,0,19,7,1,0
apple sliced, 0,0,0,0,0,0,0,0,0,0,0,0,0,0,0,0,0,0,0,0,0,0,0,0,0,0,0,0,0,0,0,0,0,0,0,0,0,0,0,0,0,0,0,0,0,0,0,0,0,0,0,0,0,0,0,0,0,0,0,0,0,0,0,0,0,0,0,0,0,0,0,0,0,0,0,0,0,0,0,0,0,0,0,0,0,0,0,0,0,0,0,0,0,0,0,0,0,0,0,0,0,0,0,0,0
arm chair, 0,1,0,42,0,0,0,0,10,4,4,2,0,0,0,0,1,4,0,1,1,0,7,0,0,2,5,1,0,0,1,3,0,1,3,0,0,0,0,0,0,0,0,0,0,0,2,0,0,0,0,1,1,0,1,6,0,0,0,0,0,0,0,13,2,0,2,0,0,1,0,0,0,3,0,2,1,0,0,0,9,0,0,0,3,0,0,0,1,11,0,0,0,0,0,0,0,0,0,0,0,3,0,0,0
baseball bat, 0,0,0,0,476,0,0,0,0,3,0,20,0,0,0,0,1,0,0,0,3,0,1,0,0,5,1,0,0,0,0,0,0,0,0,0,0,3,0,0,0,0,0,0,1,0,1,0,0,0,0,0,0,0,0,0,0,0,0,0,2,0,0,0,101,0,0,0,0,0,0,0,0,2,0,0,0,0,0,0,0,0,0,0,5,0,0,0,0,1,0,0,0,0,0,0,0,0,0,2,0,1,6,0,0
basket ball, 0,0,0,0,0,0,0,0,0,0,0,0,0,0,0,0,0,0,0,0,0,0,0,0,0,0,0,0,0,0,0,0,0,0,0,0,0,0,0,0,0,0,0,0,0,0,0,0,0,0,0,0,0,0,0,0,0,0,0,0,0,0,0,0,0,0,0,0,0,0,0,0,0,0,0,0,0,0,0,0,0,0,0,0,0,0,0,0,0,0,0,0,0,0,0,0,0,0,0,0,0,0,0,0,0
bathtub, 1,1,0,0,0,0,509,0,14,5,45,31,0,0,0,0,91,18,0,1,16,0,0,22,1,22,1,0,0,0,29,4,0,255,0,0,0,9,0,12,0,0,0,0,4,0,3,0,0,0,0,16,0,0,1,1,0,2,0,0,0,1,0,11,7,6,11,0,0,1,0,0,3,85,27,1,313,9,0,3,0,0,1,0,7,0,0,0,2,6,0,12,0,315,91,0,4,0,0,241,11,19,2,0,1
bathtub basin, 0,0,0,0,0,0,0,0,0,0,0,0,0,0,0,0,0,0,0,0,0,0,0,0,0,0,0,0,0,0,0,0,0,0,0,0,0,0,0,0,0,0,0,0,0,0,0,0,0,0,0,0,0,0,0,0,0,0,0,0,0,0,0,0,0,0,0,0,0,0,0,0,0,0,0,0,0,0,0,0,0,0,0,0,0,0,0,0,0,0,0,0,0,0,0,0,0,0,0,0,0,0,0,0,0
bed, 72,10,0,10,0,0,14,0,2776,271,49,161,7,0,1,0,143,41,10,32,107,0,21,2,0,82,253,10,0,0,249,269,2,19,19,3,16,9,0,0,0,2,5,2,8,2,204,1,0,3,0,58,12,26,10,29,0,4,1,0,25,1,0,1457,60,0,42,0,0,55,1,0,0,216,1,64,48,1,0,0,77,1,2,1,25,0,0,0,114,118,4,13,2,24,6,0,0,1,0,120,0,86,39,1,4
book, 17,24,0,4,3,0,5,0,271,1827,102,200,26,0,3,0,107,46,7,70,53,1,82,15,0,173,346,13,4,0,89,52,4,17,13,28,22,8,0,0,0,3,10,3,38,3,256,0,0,9,0,17,28,68,23,27,0,11,1,1,115,18,5,297,118,2,76,3,0,34,1,6,0,430,1,21,30,0,1,0,121,6,30,2,33,1,0,0,51,132,1,7,3,26,4,0,1,11,0,52,0,126,56,1,6
bowl, 1,169,0,4,0,0,45,0,49,102,3778,273,383,0,26,0,343,121,22,40,190,2,42,108,0,665,61,0,19,1,141,27,78,249,8,478,105,23,0,12,0,2,66,1,416,28,76,0,0,183,0,36,134,177,39,16,0,224,25,0,41,6,27,117,1465,12,371,51,0,13,0,57,4,351,4,10,369,2,2,6,64,61,676,5,32,2,0,0,18,59,1,10,34,363,85,0,4,194,0,244,6,241,91,4,34
box, 7,95,0,2,20,0,31,0,161,200,273,4160,85,0,4,0,257,64,79,56,132,3,38,48,0,314,276,6,6,0,145,51,15,152,7,65,106,37,0,7,0,4,23,2,101,2,195,1,0,38,0,40,84,78,30,16,0,65,23,2,84,15,7,169,369,7,168,13,0,42,2,9,0,495,4,17,238,2,3,4,89,21,71,5,44,0,1,0,67,129,19,53,30,198,67,0,3,74,0,187,2,110,95,5,11
bread, 0,30,0,0,0,0,0,0,7,26,383,85,1529,0,24,0,29,27,12,17,86,1,0,26,0,309,9,0,8,0,14,0,83,8,0,287,21,4,0,1,0,0,13,1,268,5,14,0,0,292,0,4,12,83,8,1,0,56,5,0,9,2,14,8,969,0,49,34,0,1,0,29,0,56,0,3,24,0,0,1,3,11,203,0,3,0,0,0,3,2,0,1,7,0,1,0,0,237,0,29,0,30,33,0,11
bread sliced, 0,0,0,0,0,0,0,0,0,0,0,0,0,0,0,0,0,0,0,0,0,0,0,0,0,0,0,0,0,0,0,0,0,0,0,0,0,0,0,0,0,0,0,0,0,0,0,0,0,0,0,0,0,0,0,0,0,0,0,0,0,0,0,0,0,0,0,0,0,0,0,0,0,0,0,0,0,0,0,0,0,0,0,0,0,0,0,0,0,0,0,0,0,0,0,0,0,0,0,0,0,0,0,0,0
butter knife, 0,0,0,0,0,0,0,0,1,3,26,4,24,0,99,0,0,5,1,4,2,0,0,3,0,27,0,0,0,0,0,0,17,0,0,56,0,0,0,0,0,0,0,0,63,0,0,0,0,5,0,0,0,10,2,0,0,6,1,0,0,0,4,1,80,0,3,5,0,0,0,6,0,2,0,0,1,0,0,0,0,3,27,0,0,0,0,0,0,1,0,0,0,0,0,0,0,10,0,1,0,5,4,0,1
c d, 0,0,0,0,0,0,0,0,0,0,0,0,0,0,0,0,0,0,0,0,0,0,0,0,0,0,0,0,0,0,0,0,0,0,0,0,0,0,0,0,0,0,0,0,0,0,0,0,0,0,0,0,0,0,0,0,0,0,0,0,0,0,0,0,0,0,0,0,0,0,0,0,0,0,0,0,0,0,0,0,0,0,0,0,0,0,0,0,0,0,0,0,0,0,0,0,0,0,0,0,0,0,0,0,0
cabinet, 10,31,0,1,1,0,91,0,143,107,343,257,29,0,0,0,2406,75,17,16,75,5,49,205,0,214,173,3,14,2,506,79,7,507,12,19,263,33,0,21,0,1,106,0,65,9,90,0,0,6,0,102,380,75,12,21,0,95,33,4,30,6,5,168,205,4,268,1,0,17,2,7,2,499,19,14,792,11,3,13,109,23,55,9,32,2,1,0,16,176,0,12,77,272,86,0,4,6,0,395,20,205,42,4,25
candle, 1,9,0,4,0,0,18,0,41,46,121,64,27,0,5,0,75,831,1,10,43,0,38,12,0,110,39,0,6,0,27,17,6,37,5,75,9,2,0,4,0,1,7,0,85,3,29,0,0,7,0,13,10,27,4,15,0,18,0,0,7,1,5,88,255,1,45,5,0,13,0,11,0,93,2,10,56,1,0,2,52,3,60,0,24,0,0,0,8,39,0,7,4,38,16,0,0,9,0,51,1,132,37,1,10
cart, 0,6,0,0,0,0,0,0,10,7,22,79,12,0,1,0,17,1,999,5,26,0,0,1,0,20,21,0,2,0,6,0,0,5,0,2,12,7,0,1,0,0,4,0,5,0,7,0,0,1,0,4,11,3,4,0,0,9,0,0,3,0,0,7,27,0,32,1,0,1,0,0,0,59,0,0,14,0,0,0,4,0,3,0,18,0,0,0,9,9,6,1,2,8,4,0,0,0,0,13,0,10,19,1,0
cell phone, 2,10,0,1,0,0,1,0,32,70,40,56,17,0,4,0,16,10,5,1253,25,0,9,8,0,105,97,5,1,0,11,4,3,3,3,27,1,2,0,1,0,0,2,6,30,0,121,0,0,3,0,4,3,24,15,1,0,9,1,0,44,5,5,39,97,0,21,0,0,17,1,6,0,43,0,0,9,0,0,0,18,2,26,0,11,0,0,0,2,13,6,3,2,2,2,0,0,8,0,17,1,10,108,0,1
cloth, 0,26,0,1,3,0,16,0,107,53,190,132,86,0,2,0,75,43,26,25,1688,1,13,18,0,115,45,2,6,0,26,14,15,43,4,113,19,8,0,4,0,0,19,1,127,2,58,0,0,38,0,6,23,30,8,7,0,47,6,0,24,5,4,109,350,1,85,13,0,5,0,10,0,109,3,5,65,0,0,0,43,19,83,1,17,0,0,0,39,32,8,5,1,38,11,0,0,43,0,139,1,91,48,0,9
coffee machine, 0,0,0,0,0,0,0,0,0,1,2,3,1,0,0,0,5,0,0,0,1,17,1,3,0,4,0,0,0,0,2,0,0,3,0,0,2,0,0,0,0,0,0,0,1,0,1,0,0,0,0,0,6,6,0,0,0,0,0,0,0,0,1,1,1,0,1,0,0,0,0,1,0,4,0,0,7,0,0,0,0,0,3,0,0,0,0,0,0,0,0,0,2,0,0,0,0,0,0,1,0,1,0,0,0
coffee table, 1,3,0,7,1,0,0,0,21,82,42,38,0,0,0,0,49,38,0,9,13,1,484,0,0,35,34,1,11,0,10,12,0,2,37,4,6,1,0,0,0,3,1,0,2,0,56,0,0,0,0,14,7,11,10,35,0,0,0,0,6,0,0,224,26,0,40,0,0,42,0,0,0,92,0,27,3,0,0,0,217,0,2,2,9,0,0,0,1,127,0,0,1,0,0,0,0,0,0,4,0,104,10,0,0
counter top, 0,12,0,0,0,0,22,0,2,15,108,48,26,0,3,0,205,12,1,8,18,3,0,630,0,65,16,0,5,0,96,4,6,159,1,13,71,5,0,3,0,1,30,0,45,6,16,0,0,11,0,27,85,25,0,2,0,40,14,0,5,1,6,10,95,0,67,7,0,2,0,10,3,77,5,0,236,7,3,3,6,16,35,3,5,2,0,0,1,7,0,8,31,57,22,0,0,8,0,98,5,45,12,2,10
credit card, 0,0,0,0,0,0,1,0,0,0,0,0,0,0,0,0,0,0,0,0,0,0,0,0,10,0,1,0,0,0,0,0,0,0,0,0,0,0,0,0,0,0,0,0,0,0,0,0,0,0,0,0,0,0,0,0,0,0,0,0,1,0,0,0,3,0,0,0,0,0,0,0,0,1,1,0,1,0,0,0,0,0,0,0,0,0,0,0,0,0,0,0,0,0,0,0,0,0,0,0,0,0,1,0,0
cup, 3,56,0,2,5,0,22,0,82,173,665,314,309,0,27,0,214,110,20,105,115,4,35,65,0,3662,343,10,14,0,90,20,94,167,3,498,50,17,0,5,0,3,62,2,393,7,336,1,0,117,0,20,86,516,47,15,0,94,19,1,124,30,39,113,1365,1,183,28,0,31,0,57,4,295,4,9,255,5,3,4,66,39,428,6,16,0,0,0,33,68,3,20,34,84,40,0,1,133,0,156,5,168,157,6,25
desk, 13,45,0,5,1,0,1,0,253,346,61,276,9,0,0,0,173,39,21,97,45,0,34,16,1,343,2354,46,1,0,193,72,1,10,12,18,27,19,0,0,0,3,5,9,14,1,861,1,0,5,0,21,20,180,23,18,0,5,2,0,246,49,1,213,89,0,71,2,0,51,3,2,0,376,0,11,24,1,0,0,69,3,16,5,28,0,0,0,28,134,0,17,3,9,2,0,0,2,0,34,0,94,69,0,7
desk lamp, 1,1,0,1,0,0,0,0,10,13,0,6,0,0,0,0,3,0,0,5,2,0,1,0,0,10,46,64,0,0,8,3,0,0,1,0,1,1,0,0,0,0,0,0,0,0,19,0,0,0,0,0,0,5,0,1,0,0,0,0,8,0,0,12,1,0,0,0,0,8,0,0,0,10,0,1,0,0,0,0,4,0,1,0,0,0,0,0,0,6,0,1,0,0,1,0,0,0,0,0,0,2,1,0,0
dining table, 0,0,0,0,0,0,0,0,0,4,19,6,8,0,0,0,14,6,2,1,6,0,11,5,0,14,1,0,90,0,2,0,4,4,1,11,4,1,0,0,0,0,5,1,8,0,6,0,0,1,0,2,3,5,2,2,0,2,3,0,0,0,2,7,30,0,14,0,0,0,0,6,0,10,0,2,7,1,0,0,9,0,10,0,0,0,0,0,1,10,0,0,2,0,0,0,0,2,0,3,0,19,4,0,1
dish sponge, 0,0,0,0,0,0,0,0,0,0,1,0,0,0,0,0,2,0,0,0,0,0,0,0,0,0,0,0,0,2,1,0,0,1,0,0,1,0,0,0,0,0,0,0,0,0,0,0,0,0,0,0,0,0,0,0,0,0,1,1,0,0,0,0,0,0,0,0,0,0,0,0,0,0,0,0,2,0,0,0,0,0,0,0,0,0,0,0,0,0,0,0,0,0,0,0,0,0,0,0,1,0,0,0,0
drawer, 15,11,0,1,0,0,29,0,249,89,141,145,14,0,0,0,506,27,6,11,26,2,10,96,0,90,193,8,2,1,1288,146,3,184,5,7,140,12,0,13,0,0,46,0,38,5,78,0,0,5,0,48,152,29,3,2,0,51,15,0,29,3,5,172,83,1,122,2,0,15,0,6,1,259,10,11,293,6,0,3,29,12,26,2,11,1,0,0,16,73,0,5,27,76,31,0,0,4,0,197,8,90,19,1,12
dresser, 9,2,0,3,0,0,4,0,269,52,27,51,0,0,0,0,79,17,0,4,14,0,12,4,0,20,72,3,0,0,146,459,0,4,9,2,8,2,0,0,0,0,0,0,2,0,27,1,0,0,0,15,5,4,4,6,0,2,0,0,2,0,0,157,14,0,15,0,0,8,0,0,0,67,1,11,10,0,0,0,35,0,1,0,12,0,0,0,14,60,0,5,2,10,3,0,0,1,0,20,1,42,4,0,1
egg, 0,11,0,0,0,0,0,0,2,4,78,15,83,0,17,0,7,6,0,3,15,0,0,6,0,94,1,0,4,0,3,0,345,0,0,111,7,0,0,0,0,0,2,0,91,1,2,0,0,17,0,1,9,32,5,1,0,15,2,0,3,0,6,0,253,0,10,14,0,0,0,12,0,14,0,0,0,0,0,0,1,3,49,0,2,0,0,0,1,0,0,0,1,0,0,0,0,56,0,5,0,9,4,0,3
faucet, 1,8,0,1,0,0,255,0,19,17,249,152,8,0,0,0,507,37,5,3,43,3,2,159,0,167,10,0,4,1,184,4,0,1794,0,3,83,32,0,33,0,1,39,0,37,3,7,0,0,7,0,88,131,33,5,1,0,41,26,1,6,0,4,17,89,16,114,0,0,2,1,7,11,348,41,2,1548,19,8,21,8,5,23,9,10,1,0,0,2,17,0,42,34,639,209,0,8,3,0,568,32,99,15,3,5
floor lamp, 2,0,0,3,0,0,0,0,19,13,8,7,0,0,0,0,12,5,0,3,4,0,37,1,0,3,12,1,1,0,5,9,0,0,122,1,3,0,0,0,0,0,1,0,1,0,8,0,0,0,0,4,3,1,0,8,0,0,1,0,0,0,0,45,3,0,9,0,0,10,0,0,0,29,0,9,0,0,0,0,32,0,1,0,5,0,0,0,0,30,0,0,0,0,0,0,0,0,0,0,0,18,6,0,0
fork, 0,28,0,0,0,0,0,0,3,28,478,65,287,0,56,0,19,75,2,27,113,0,4,13,0,498,18,0,11,0,7,2,111,3,1,2058,6,1,0,0,0,0,9,0,813,2,25,0,0,163,0,4,4,134,18,0,0,88,11,0,13,1,41,8,1719,0,47,58,0,3,0,59,0,30,0,2,10,0,0,0,8,34,404,1,2,0,0,0,5,8,1,0,1,1,0,0,0,184,0,25,0,60,80,0,24
fridge, 2,17,0,0,0,0,0,0,16,22,105,106,21,0,0,0,263,9,12,1,19,2,6,71,0,50,27,1,4,1,140,8,7,83,3,6,767,6,0,5,0,1,42,0,15,0,15,0,0,5,0,26,162,20,6,2,0,33,16,1,4,2,2,18,65,0,81,0,0,1,0,6,0,201,0,2,154,1,0,1,5,8,12,2,4,1,0,0,1,10,0,1,38,4,0,0,0,1,0,86,2,39,11,0,16
garbage can, 0,2,0,0,3,0,9,0,9,8,23,37,4,0,0,0,33,2,7,2,8,0,1,5,0,17,19,1,1,0,12,2,0,32,0,1,6,455,0,2,0,0,0,0,4,1,15,0,0,1,0,6,11,2,2,0,0,4,0,0,4,0,1,12,16,4,12,1,0,1,0,1,0,25,3,1,55,0,0,1,5,0,4,1,7,0,0,0,5,2,8,4,5,66,31,0,3,1,0,37,2,8,11,0,0
glassbottle, 0,0,0,0,0,0,0,0,0,0,0,0,0,0,0,0,0,0,0,0,0,0,0,0,0,0,0,0,0,0,0,0,0,0,0,0,0,0,0,0,0,0,0,0,0,0,0,0,0,0,0,0,0,0,0,0,0,0,0,0,0,0,0,0,0,0,0,0,0,0,0,0,0,0,0,0,0,0,0,0,0,0,0,0,0,0,0,0,0,0,0,0,0,0,0,0,0,0,0,0,0,0,0,0,0
hand towel, 0,0,0,0,0,0,12,0,0,0,12,7,1,0,0,0,21,4,1,1,4,0,0,3,0,5,0,0,0,0,13,0,0,33,0,0,5,2,0,78,0,1,5,0,0,0,1,0,0,0,0,4,12,0,0,1,0,1,1,1,0,0,0,1,1,0,11,1,0,0,0,0,0,24,7,0,53,2,0,3,0,0,1,0,0,0,0,0,1,2,0,3,4,27,12,0,1,0,0,57,5,1,2,0,1
hand towel holder, 0,0,0,0,0,0,0,0,0,0,0,0,0,0,0,0,0,0,0,0,0,0,0,0,0,0,0,0,0,0,0,0,0,0,0,0,0,0,0,0,0,0,0,0,0,0,0,0,0,0,0,0,0,0,0,0,0,0,0,0,0,0,0,0,0,0,0,0,0,0,0,0,0,0,0,0,0,0,0,0,0,0,0,0,0,0,0,0,0,0,0,0,0,0,0,0,0,0,0,0,0,0,0,0,0
house plant, 0,0,0,0,0,0,0,0,2,3,2,4,0,0,0,0,1,1,0,0,0,0,3,1,0,3,3,0,0,0,0,0,0,1,0,0,1,0,0,1,0,18,0,0,1,0,3,0,0,0,0,0,1,0,0,2,0,0,0,1,1,0,0,2,2,0,4,0,0,1,0,0,0,4,0,0,2,0,0,0,1,1,0,0,0,0,0,0,0,3,0,0,2,0,0,0,0,0,0,0,0,2,1,0,2
kettle, 0,3,0,0,0,0,0,0,5,10,66,23,13,0,0,0,106,7,4,2,19,0,1,30,0,62,5,0,5,0,46,0,2,39,1,9,42,0,0,5,0,0,300,0,26,3,5,0,0,2,0,7,62,18,3,0,0,54,4,0,4,0,2,7,59,0,104,0,0,0,0,1,0,54,1,0,74,0,0,0,3,9,23,4,4,1,0,0,2,5,1,0,28,0,0,0,0,3,0,64,1,27,4,2,4
key chain, 0,1,0,0,0,0,0,0,2,3,1,2,1,0,0,0,0,0,0,6,1,0,0,0,0,2,9,0,1,0,0,0,0,0,0,0,0,0,0,0,0,0,0,30,0,0,6,0,0,0,0,0,0,2,0,0,0,0,0,0,6,2,0,1,1,0,0,0,0,0,0,0,0,2,0,0,0,0,0,0,0,0,0,1,0,0,0,0,3,0,0,0,0,0,0,0,0,0,0,0,0,1,3,0,0
knife, 0,56,0,0,1,0,4,0,8,38,416,101,268,0,63,0,65,85,5,30,127,1,2,45,0,393,14,0,8,0,38,2,91,37,1,813,15,4,0,0,0,1,26,0,1963,5,19,0,0,103,0,5,43,140,19,0,0,103,15,0,19,2,29,21,1209,0,72,45,0,2,0,45,1,61,0,3,65,0,0,0,7,49,324,1,4,1,0,0,5,8,0,2,10,2,3,0,0,131,0,78,1,51,94,0,26
ladle, 0,2,0,0,0,0,0,0,2,3,28,2,5,0,0,0,9,3,0,0,2,0,0,6,0,7,1,0,0,0,5,0,1,3,0,2,0,1,0,0,0,0,3,0,5,56,2,0,0,0,0,0,2,4,0,0,0,21,1,0,2,0,0,1,20,0,20,2,0,0,0,1,0,6,0,0,5,0,0,0,1,6,33,0,0,0,0,0,1,0,0,0,0,0,0,0,0,1,0,4,0,0,2,0,0
laptop, 4,62,0,2,1,0,3,0,204,256,76,195,14,0,0,0,90,29,7,121,58,1,56,16,0,336,861,19,6,0,78,27,2,7,8,25,15,15,0,1,0,3,5,6,19,2,2299,1,0,7,0,23,20,113,25,13,0,5,1,0,184,37,2,235,84,0,68,0,0,45,1,6,0,257,0,12,16,0,0,0,124,4,25,2,7,1,0,0,13,97,1,12,9,8,5,0,0,6,0,37,0,58,90,0,6
laundry hamper, 0,0,0,0,0,0,0,0,1,0,0,1,0,0,0,0,0,0,0,0,0,0,0,0,0,1,1,0,0,0,0,1,0,0,0,0,0,0,0,0,0,0,0,0,0,0,1,2,0,0,0,0,0,0,0,0,0,0,0,0,0,0,0,1,0,0,0,0,0,0,0,0,0,0,0,0,0,0,0,0,0,0,0,0,0,0,0,0,0,0,0,0,0,0,0,0,0,0,0,0,0,0,0,0,0
laundry hamper lid, 0,0,0,0,0,0,0,0,0,0,0,0,0,0,0,0,0,0,0,0,0,0,0,0,0,0,0,0,0,0,0,0,0,0,0,0,0,0,0,0,0,0,0,0,0,0,0,0,0,0,0,0,0,0,0,0,0,0,0,0,0,0,0,0,0,0,0,0,0,0,0,0,0,0,0,0,0,0,0,0,0,0,0,0,0,0,0,0,0,0,0,0,0,0,0,0,0,0,0,0,0,0,0,0,0
lettuce, 0,24,0,0,0,0,0,0,3,9,183,38,292,0,5,0,6,7,1,3,38,0,0,11,0,117,5,0,1,0,5,0,17,7,0,163,5,1,0,0,0,0,2,0,103,0,7,0,0,739,0,0,4,20,7,0,0,16,4,0,4,0,2,2,438,0,13,19,0,1,0,4,0,10,0,0,13,0,0,0,1,2,84,0,1,0,0,0,0,1,1,1,2,0,0,0,0,220,0,15,0,7,7,0,2
lettuce sliced, 0,0,0,0,0,0,0,0,0,0,0,0,0,0,0,0,0,0,0,0,0,0,0,0,0,0,0,0,0,0,0,0,0,0,0,0,0,0,0,0,0,0,0,0,0,0,0,0,0,0,0,0,0,0,0,0,0,0,0,0,0,0,0,0,0,0,0,0,0,0,0,0,0,0,0,0,0,0,0,0,0,0,0,0,0,0,0,0,0,0,0,0,0,0,0,0,0,0,0,0,0,0,0,0,0
light switch, 5,6,0,1,0,0,16,0,58,17,36,40,4,0,0,0,102,13,4,4,6,0,14,27,0,20,21,0,2,0,48,15,1,88,4,4,26,6,0,4,0,0,7,0,5,0,23,0,0,0,0,392,29,8,2,7,0,5,2,0,3,0,1,55,29,1,14,1,0,7,0,2,0,57,4,2,114,3,2,4,20,2,5,0,5,0,0,0,1,30,1,5,3,48,22,0,1,0,0,51,4,17,11,0,2
microwave, 1,11,0,1,0,0,0,0,12,28,134,84,12,0,0,0,380,10,11,3,23,6,7,85,0,86,20,0,3,0,152,5,9,131,3,4,162,11,0,12,0,1,62,0,43,2,20,0,0,4,0,29,816,39,5,4,0,52,22,1,8,4,4,22,86,0,106,0,0,2,0,8,0,162,0,3,235,3,0,2,16,12,31,1,3,4,0,0,3,22,0,2,82,6,0,0,0,5,0,130,4,54,14,0,12
mug, 1,17,0,0,0,0,0,0,26,68,177,78,83,0,10,0,75,27,3,24,30,6,11,25,0,516,180,5,5,0,29,4,32,33,1,134,20,2,0,0,0,0,18,2,140,4,113,0,0,20,0,8,39,932,20,4,0,21,3,0,57,9,8,34,380,1,77,5,0,10,0,13,0,107,0,8,68,1,1,2,18,10,147,1,7,0,0,0,9,22,0,3,17,4,4,0,0,34,0,48,1,50,31,3,4
newspaper, 0,3,0,1,0,0,1,0,10,23,39,30,8,0,2,0,12,4,4,15,8,0,10,0,0,47,23,0,2,0,3,4,5,5,0,18,6,2,0,0,0,0,3,0,19,0,25,0,0,7,0,2,5,20,332,2,0,2,0,0,5,1,3,22,48,0,17,4,0,5,0,3,0,28,0,0,7,0,0,0,13,0,15,1,2,0,0,0,1,7,1,2,1,18,2,0,0,6,0,10,0,12,10,1,3
ottoman, 1,0,0,6,0,0,1,0,29,27,16,16,1,0,0,0,21,15,0,1,7,0,35,2,0,15,18,1,2,0,2,6,1,1,8,0,2,0,0,1,0,2,0,0,0,0,13,0,0,0,0,7,4,4,2,214,0,0,0,0,1,0,0,91,3,0,10,0,0,9,0,0,0,39,0,6,3,1,0,0,72,0,1,0,4,0,0,0,1,59,0,1,0,3,0,0,0,0,0,3,0,27,2,0,1
painting hanger, 0,0,0,0,0,0,0,0,0,0,0,0,0,0,0,0,0,0,0,0,0,0,0,0,0,0,0,0,0,0,0,0,0,0,0,0,0,0,0,0,0,0,0,0,0,0,0,0,0,0,0,0,0,0,0,0,0,0,0,0,0,0,0,0,0,0,0,0,0,0,0,0,0,0,0,0,0,0,0,0,0,0,0,0,0,0,0,0,0,0,0,0,0,0,0,0,0,0,0,0,0,0,0,0,0
pan, 1,14,0,0,0,0,2,0,4,11,224,65,56,0,6,0,95,18,9,9,47,0,0,40,0,94,5,0,2,0,51,2,15,41,0,88,33,4,0,1,0,0,54,0,103,21,5,0,0,16,0,5,52,21,2,0,0,915,10,0,10,0,5,3,278,0,227,11,0,0,0,9,0,109,0,1,66,1,0,0,2,90,105,1,3,4,2,0,5,4,0,0,14,8,1,0,0,54,0,78,1,10,32,0,6
paper towel, 0,3,0,0,0,0,0,0,1,1,25,23,5,0,1,0,33,0,0,1,6,0,0,14,0,19,2,0,3,1,15,0,2,26,1,11,16,0,0,1,0,0,4,0,15,1,1,0,0,4,0,2,22,3,0,0,0,10,150,1,3,0,0,0,31,0,17,3,0,0,0,0,0,14,1,0,45,0,0,1,1,3,9,0,1,1,0,0,0,1,0,2,5,12,7,0,0,7,0,29,4,4,7,0,2
paper towel roll, 0,0,0,0,0,0,0,0,0,1,0,2,0,0,0,0,4,0,0,0,0,0,0,0,0,1,0,0,0,1,0,0,0,1,0,0,1,0,0,1,0,1,0,0,0,0,0,0,0,0,0,0,1,0,0,0,0,0,1,7,0,0,0,0,1,0,1,0,0,0,0,0,0,1,0,0,4,0,0,0,0,0,1,0,0,0,0,0,0,0,0,0,1,0,0,0,0,0,0,0,0,0,0,0,0
pen, 4,11,0,0,2,0,0,0,25,115,41,84,9,0,0,0,30,7,3,44,24,0,6,5,1,124,246,8,0,0,29,2,3,6,0,13,4,4,0,0,0,1,4,6,19,2,184,0,0,4,0,3,8,57,5,1,0,10,3,0,1094,40,1,24,46,0,24,0,0,11,0,1,1,56,1,3,5,0,0,0,10,2,20,1,4,0,0,0,4,7,2,4,1,0,0,0,0,5,0,10,0,18,48,0,5
pencil, 0,1,0,0,0,0,1,0,1,18,6,15,2,0,0,0,6,1,0,5,5,0,0,1,0,30,49,0,0,0,3,0,0,0,0,1,2,0,0,0,0,0,0,2,2,0,37,0,0,0,0,0,4,9,1,0,0,0,0,0,40,121,0,2,8,0,6,1,0,0,0,0,0,13,0,0,1,1,0,0,1,0,3,1,2,1,0,0,3,3,0,1,1,1,0,0,0,1,0,2,0,5,4,0,0
pepper shaker, 0,2,0,0,0,0,0,0,0,5,27,7,14,0,4,0,5,5,0,5,4,1,0,6,0,39,1,0,2,0,5,0,6,4,0,41,2,1,0,0,0,0,2,0,29,0,2,0,0,2,0,1,4,8,3,0,0,5,0,0,1,0,121,2,85,0,5,5,0,0,0,91,0,3,0,0,4,0,0,0,0,2,24,0,0,0,0,0,0,1,0,0,0,0,0,0,0,9,0,3,0,11,5,0,1
pillow, 55,10,0,13,0,0,11,0,1457,297,117,169,8,0,1,0,168,88,7,39,109,1,224,10,0,113,213,12,7,0,172,157,0,17,45,8,18,12,0,1,0,2,7,1,21,1,235,1,0,2,0,55,22,34,22,91,0,3,0,0,24,2,2,2808,100,0,94,0,0,88,1,4,0,306,1,78,36,0,0,1,494,0,11,1,40,0,0,0,101,197,1,12,4,14,7,0,0,1,0,94,1,250,57,3,4
plate, 2,127,0,2,101,0,7,0,60,118,1465,369,969,0,80,0,205,255,27,97,350,1,26,95,3,1365,89,1,30,0,83,14,253,89,3,1719,65,16,0,1,0,2,59,1,1209,20,84,0,0,438,0,29,86,380,48,3,0,278,31,1,46,8,85,100,8066,1,252,138,0,12,3,126,1,265,1,7,146,3,0,2,49,109,916,3,36,3,0,0,22,46,1,6,31,38,11,0,0,524,0,139,4,264,210,3,62
plunger, 0,0,0,0,0,0,6,0,0,2,12,7,0,0,0,0,4,1,0,0,1,0,0,0,0,1,0,0,0,0,1,0,0,16,0,0,0,4,0,0,0,0,0,0,0,0,0,0,0,0,0,1,0,1,0,0,0,0,0,0,0,0,0,0,1,76,2,0,0,0,0,0,1,11,2,0,28,0,1,0,0,0,1,0,0,0,0,0,0,0,0,2,0,72,22,0,0,0,0,19,0,0,2,0,0
pot, 1,22,0,2,0,0,11,0,42,76,371,168,49,0,3,0,268,45,32,21,85,1,40,67,0,183,71,0,14,0,122,15,10,114,9,47,81,12,0,11,0,4,104,0,72,20,68,0,0,13,0,14,106,77,17,10,0,227,17,1,24,6,5,94,252,2,2030,5,0,8,0,10,1,293,4,4,192,2,1,1,66,35,133,3,47,5,1,0,19,57,2,4,42,44,13,0,0,15,0,149,3,286,45,8,9
potato, 0,18,0,0,0,0,0,0,0,3,51,13,34,0,5,0,1,5,1,0,13,0,0,7,0,28,2,0,0,0,2,0,14,0,0,58,0,1,0,1,0,0,0,0,45,2,0,0,0,19,0,1,0,5,4,0,0,11,3,0,0,1,5,0,138,0,5,229,0,0,0,4,0,3,0,0,1,0,0,0,0,0,32,0,0,1,0,0,0,0,0,0,0,0,0,0,0,31,0,10,0,2,0,0,0
potato sliced, 0,0,0,0,0,0,0,0,0,0,0,0,0,0,0,0,0,0,0,0,0,0,0,0,0,0,0,0,0,0,0,0,0,0,0,0,0,0,0,0,0,0,0,0,0,0,0,0,0,0,0,0,0,0,0,0,0,0,0,0,0,0,0,0,0,0,0,0,0,0,0,0,0,0,0,0,0,0,0,0,0,0,0,0,0,0,0,0,0,0,0,0,0,0,0,0,0,0,0,0,0,0,0,0,0
remote control, 7,1,0,1,0,0,1,0,55,34,13,42,1,0,0,0,17,13,1,17,5,0,42,2,0,31,51,8,0,0,15,8,0,2,10,3,1,1,0,0,0,1,0,0,2,0,45,0,0,1,0,7,2,10,5,9,0,0,0,0,11,0,0,88,12,0,8,0,0,362,0,1,0,37,0,6,3,0,0,0,65,0,3,2,1,0,0,0,7,51,0,3,0,3,1,0,0,0,0,6,0,16,21,0,1
safe, 0,0,0,0,0,0,0,0,1,1,0,2,0,0,0,0,2,0,0,1,0,0,0,0,0,0,3,0,0,0,0,0,0,1,0,0,0,0,0,0,0,0,0,0,0,0,1,0,0,0,0,0,0,0,0,0,0,0,0,0,0,0,0,1,3,0,0,0,0,0,9,0,0,2,0,0,2,0,0,0,0,0,0,0,0,0,0,0,0,0,0,0,0,1,0,0,0,0,0,0,0,0,0,0,0
salt shaker, 0,4,0,0,0,0,0,0,0,6,57,9,29,0,6,0,7,11,0,6,10,1,0,10,0,57,2,0,6,0,6,0,12,7,0,59,6,1,0,0,0,0,1,0,45,1,6,0,0,4,0,2,8,13,3,0,0,9,0,0,1,0,91,4,126,0,10,4,0,1,0,196,0,13,0,0,8,0,0,0,0,6,34,0,0,0,0,0,0,0,0,0,1,0,0,0,0,12,0,9,0,19,7,0,3
scrub brush, 0,0,0,0,0,0,3,0,0,0,4,0,0,0,0,0,2,0,0,0,0,0,0,3,0,4,0,0,0,0,1,0,0,11,0,0,0,0,0,0,0,0,0,0,1,0,0,0,0,0,0,0,0,0,0,0,0,0,0,0,1,0,0,0,1,1,1,0,0,0,0,0,23,4,0,0,10,0,0,0,0,0,1,0,0,0,0,0,0,0,0,0,1,6,3,0,0,0,0,2,0,0,0,0,0
shelf, 17,48,0,3,2,0,85,0,216,430,351,495,56,0,2,0,499,93,59,43,109,4,92,77,1,295,376,10,10,0,259,67,14,348,29,30,201,25,0,24,0,4,54,2,61,6,257,0,0,10,0,57,162,107,28,39,0,109,14,1,56,13,3,306,265,11,293,3,0,37,2,13,4,3479,13,25,518,8,2,5,172,23,46,6,69,1,0,0,72,278,3,28,43,316,132,0,5,12,0,345,10,308,76,7,26
shower door, 0,0,0,0,0,0,27,0,1,1,4,4,0,0,0,0,19,2,0,0,3,0,0,5,1,4,0,0,0,0,10,1,0,41,0,0,0,3,0,7,0,0,1,0,0,0,0,0,0,0,0,4,0,0,0,0,0,0,1,0,1,0,0,1,1,2,4,0,0,0,0,0,0,13,94,1,54,1,0,1,0,0,0,0,1,0,0,0,0,1,0,5,0,61,15,0,2,0,0,57,5,4,0,1,0
side table, 6,0,0,2,0,0,1,0,64,21,10,17,3,0,0,0,14,10,0,0,5,0,27,0,0,9,11,1,2,0,11,11,0,2,9,2,2,1,0,0,0,0,0,0,3,0,12,0,0,0,0,2,3,8,0,6,0,1,0,0,3,0,0,78,7,0,4,0,0,6,0,0,0,25,1,151,1,0,0,0,37,0,1,0,3,0,0,0,2,16,0,0,0,1,1,0,0,1,0,3,0,19,2,1,0
sink, 1,20,0,1,0,0,313,0,48,30,369,238,24,0,1,0,792,56,14,9,65,7,3,236,1,255,24,0,7,2,293,10,0,1548,0,10,154,55,0,53,0,2,74,0,65,5,16,0,0,13,0,114,235,68,7,3,0,66,45,4,5,1,4,36,146,28,192,1,0,3,2,8,10,518,54,1,2757,27,8,26,14,14,41,12,17,2,0,0,2,31,1,60,75,1006,334,0,17,4,0,852,43,131,21,3,9
sink basin, 0,0,0,0,0,0,9,0,1,0,2,2,0,0,0,0,11,1,0,0,0,0,0,7,0,5,1,0,1,0,6,0,0,19,0,0,1,0,0,2,0,0,0,0,0,0,0,0,0,0,0,3,3,1,0,1,0,1,0,0,0,1,0,0,3,0,2,0,0,0,0,0,0,8,1,0,27,31,1,1,0,0,0,0,0,0,0,0,0,0,0,2,0,11,2,0,1,0,0,6,0,1,0,0,0
soap bar, 0,0,0,0,0,0,0,0,0,1,2,3,0,0,0,0,3,0,0,0,0,0,0,3,0,3,0,0,0,0,0,0,0,8,0,0,0,0,0,0,0,0,0,0,0,0,0,0,0,0,0,2,0,1,0,0,0,0,0,0,0,0,0,0,0,1,1,0,0,0,0,0,0,2,0,0,8,1,9,1,0,0,0,0,0,0,0,0,0,0,0,1,0,3,1,0,1,0,0,3,0,0,0,0,0
soap bottle, 0,0,0,0,0,0,3,0,0,0,6,4,1,0,0,0,13,2,0,0,0,0,0,3,0,4,0,0,0,0,3,0,0,21,0,0,1,1,0,3,0,0,0,0,0,0,0,0,0,0,0,4,2,2,0,0,0,0,1,0,0,0,0,1,2,0,1,0,0,0,0,0,0,5,1,0,26,1,1,34,0,0,1,0,2,0,0,0,0,0,0,1,0,10,3,0,1,0,0,14,2,3,1,0,0
sofa, 3,4,0,9,0,0,0,0,77,121,64,89,3,0,0,0,109,52,4,18,43,0,217,6,0,66,69,4,9,0,29,35,1,8,32,8,5,5,0,0,0,1,3,0,7,1,124,0,0,1,0,20,16,18,13,72,0,2,1,0,10,1,0,494,49,0,66,0,0,65,0,0,0,172,0,37,14,0,0,0,1106,2,10,0,23,0,0,0,11,185,0,2,3,3,0,0,0,2,0,17,1,143,33,0,4
spatula, 0,3,0,0,0,0,0,0,1,6,61,21,11,0,3,0,23,3,0,2,19,0,0,16,0,39,3,0,0,0,12,0,3,5,0,34,8,0,0,0,0,1,9,0,49,6,4,0,0,2,0,2,12,10,0,0,0,90,3,0,2,0,2,0,109,0,35,0,0,0,0,6,0,23,0,0,14,0,0,0,2,255,38,0,1,1,0,0,2,2,1,0,6,0,0,0,0,19,0,19,1,5,9,0,1
spoon, 0,31,0,0,0,0,1,0,2,30,676,71,203,0,27,0,55,60,3,26,83,3,2,35,0,428,16,1,10,0,26,1,49,23,1,404,12,4,0,1,0,0,23,0,324,33,25,0,0,84,0,5,31,147,15,1,0,105,9,1,20,3,24,11,916,1,133,32,0,3,0,34,1,46,0,1,41,0,0,1,10,38,1456,1,1,2,1,0,8,5,1,0,9,3,0,0,0,100,0,49,0,47,48,1,14
spray bottle, 0,1,0,0,0,0,0,0,1,2,5,5,0,0,0,0,9,0,0,0,1,0,2,3,0,6,5,0,0,0,2,0,0,9,0,1,2,1,0,0,0,0,4,1,1,0,2,0,0,0,0,0,1,1,1,0,0,1,0,0,1,1,0,1,3,0,3,0,0,2,0,0,0,6,0,0,12,0,0,0,0,0,1,43,0,0,0,0,0,0,0,0,3,6,2,0,1,0,0,8,0,0,1,1,0
statue, 0,0,0,3,5,0,7,0,25,33,32,44,3,0,0,0,32,24,18,11,17,0,9,5,0,16,28,0,0,0,11,12,2,10,5,2,4,7,0,0,0,0,4,0,4,0,7,0,0,1,0,5,3,7,2,4,0,3,1,0,4,2,0,40,36,0,47,0,0,1,0,0,0,69,1,3,17,0,0,2,23,1,1,0,1206,0,0,0,18,25,1,2,0,15,4,0,1,2,0,17,0,78,23,0,2
stove burner, 0,0,0,0,0,0,0,0,0,1,2,0,0,0,0,0,2,0,0,0,0,0,0,2,0,0,0,0,0,0,1,0,0,1,0,0,1,0,0,0,0,0,1,0,1,0,1,0,0,0,0,0,4,0,0,0,0,4,1,0,0,1,0,0,3,0,5,1,0,0,0,0,0,1,0,0,2,0,0,0,0,1,2,0,0,12,0,0,0,0,0,0,1,0,0,0,0,0,0,2,0,0,0,0,0
stove knob, 0,0,0,0,0,0,0,0,0,0,0,1,0,0,0,0,1,0,0,0,0,0,0,0,0,0,0,0,0,0,0,0,0,0,0,0,0,0,0,0,0,0,0,0,0,0,0,0,0,0,0,0,0,0,0,0,0,2,0,0,0,0,0,0,0,0,1,0,0,0,0,0,0,0,0,0,0,0,0,0,0,0,1,0,0,0,3,0,0,0,0,0,0,0,0,0,0,0,0,1,0,0,0,0,0
t v stand, 0,0,0,0,0,0,0,0,0,0,0,0,0,0,0,0,0,0,0,0,0,0,0,0,0,0,0,0,0,0,0,0,0,0,0,0,0,0,0,0,0,0,0,0,0,0,0,0,0,0,0,0,0,0,0,0,0,0,0,0,0,0,0,0,0,0,0,0,0,0,0,0,0,0,0,0,0,0,0,0,0,0,0,0,0,0,0,0,0,0,0,0,0,0,0,0,0,0,0,0,0,0,0,0,0
teddy bear, 4,3,0,1,0,0,2,0,114,51,18,67,3,0,0,0,16,8,9,2,39,0,1,1,0,33,28,0,1,0,16,14,1,2,0,5,1,5,0,1,0,0,2,3,5,1,13,0,0,0,0,1,3,9,1,1,0,5,0,0,4,3,0,101,22,0,19,0,0,7,0,0,0,72,0,2,2,0,0,0,11,2,8,0,18,0,0,0,884,11,0,0,0,0,1,0,0,0,0,18,0,9,13,0,1
television, 2,3,0,11,1,0,6,0,118,132,59,129,2,0,1,0,176,39,9,13,32,0,127,7,0,68,134,6,10,0,73,60,0,17,30,8,10,2,0,2,0,3,5,0,8,0,97,0,0,1,0,30,22,22,7,59,0,4,1,0,7,3,1,197,46,0,57,0,0,51,0,0,0,278,1,16,31,0,0,0,185,2,5,0,25,0,0,0,11,1149,2,3,5,7,2,0,0,2,0,28,1,93,15,0,4
tennis racket, 0,1,0,0,0,0,0,0,4,1,1,19,0,0,0,0,0,0,6,6,8,0,0,0,0,3,0,0,0,0,0,0,0,0,0,1,0,8,0,0,0,0,1,0,0,0,1,0,0,1,0,1,0,0,1,0,0,0,0,0,2,0,0,1,1,0,2,0,0,0,0,0,0,3,0,0,1,0,0,0,0,1,1,0,1,0,0,0,0,2,1303,0,0,1,0,0,0,0,0,30,0,3,61,0,0
tissue box, 1,0,0,0,0,0,12,0,13,7,10,53,1,0,0,0,12,7,1,3,5,0,0,8,0,20,17,1,0,0,5,5,0,42,0,0,1,4,0,3,0,0,0,0,2,0,12,0,0,1,0,5,2,3,2,1,0,0,2,0,4,1,0,12,6,2,4,0,0,3,0,0,0,28,5,0,60,2,1,1,2,0,0,0,2,0,0,0,0,3,0,123,1,43,24,0,0,0,0,45,4,4,3,0,0
toaster, 0,7,0,0,0,0,0,0,2,3,34,30,7,0,0,0,77,4,2,2,1,2,1,31,0,34,3,0,2,0,27,2,1,34,0,1,38,5,0,4,0,2,28,0,10,0,9,0,0,2,0,3,82,17,1,0,0,14,5,1,1,1,0,4,31,0,42,0,0,0,0,1,1,43,0,0,75,0,0,0,3,6,9,3,0,1,0,0,0,5,0,1,209,0,1,0,0,3,0,42,0,8,3,3,3
toilet, 0,4,0,0,0,0,315,0,24,26,363,198,0,0,0,0,272,38,8,2,38,0,0,57,0,84,9,0,0,0,76,10,0,639,0,1,4,66,0,27,0,0,0,0,2,0,8,0,0,0,0,48,6,4,18,3,0,8,12,0,0,1,0,14,38,72,44,0,0,3,1,0,6,316,61,1,1006,11,3,10,3,0,3,6,15,0,0,0,0,7,1,43,0,2227,563,0,27,0,0,556,29,47,14,2,0
toilet paper, 0,0,0,0,0,0,91,0,6,4,85,67,1,0,0,0,86,16,4,2,11,0,0,22,0,40,2,1,0,0,31,3,0,209,0,0,0,31,0,12,0,0,0,0,3,0,5,0,0,0,0,22,0,4,2,0,0,1,7,0,0,0,0,7,11,22,13,0,0,1,0,0,3,132,15,1,334,2,1,3,0,0,0,2,4,0,0,0,1,2,0,24,1,563,646,0,10,0,0,213,8,15,2,0,0
toilet paper hanger, 0,0,0,0,0,0,0,0,0,0,0,0,0,0,0,0,0,0,0,0,0,0,0,0,0,0,0,0,0,0,0,0,0,0,0,0,0,0,0,0,0,0,0,0,0,0,0,0,0,0,0,0,0,0,0,0,0,0,0,0,0,0,0,0,0,0,0,0,0,0,0,0,0,0,0,0,0,0,0,0,0,0,0,0,0,0,0,0,0,0,0,0,0,0,0,0,0,0,0,0,0,0,0,0,0
toilet paper roll, 0,0,0,0,0,0,4,0,0,1,4,3,0,0,0,0,4,0,0,0,0,0,0,0,0,1,0,0,0,0,0,0,0,8,0,0,0,3,0,1,0,0,0,0,0,0,0,0,0,0,0,1,0,0,0,0,0,0,0,0,0,0,0,0,0,0,0,0,0,0,0,0,0,5,2,0,17,1,1,1,0,0,0,1,1,0,0,0,0,0,0,0,0,27,10,0,28,0,0,6,2,0,0,0,0
tomato, 0,24,0,0,0,0,0,0,1,11,194,74,237,0,10,0,6,9,0,8,43,0,0,8,0,133,2,0,2,0,4,1,56,3,0,184,1,1,0,0,0,0,3,0,131,1,6,0,0,220,0,0,5,34,6,0,0,54,7,0,5,1,9,1,524,0,15,31,0,0,0,12,0,12,0,1,4,0,0,0,2,19,100,0,2,0,0,0,0,2,0,0,3,0,0,0,0,890,0,15,0,8,11,0,3
tomato sliced, 0,0,0,0,0,0,0,0,0,0,0,0,0,0,0,0,0,0,0,0,0,0,0,0,0,0,0,0,0,0,0,0,0,0,0,0,0,0,0,0,0,0,0,0,0,0,0,0,0,0,0,0,0,0,0,0,0,0,0,0,0,0,0,0,0,0,0,0,0,0,0,0,0,0,0,0,0,0,0,0,0,0,0,0,0,0,0,0,0,0,0,0,0,0,0,0,0,0,0,0,0,0,0,0,0
towel, 2,19,0,0,2,0,241,0,120,52,244,187,29,0,1,0,395,51,13,17,139,1,4,98,0,156,34,0,3,0,197,20,5,568,0,25,86,37,0,57,0,0,64,0,78,4,37,0,0,15,0,51,130,48,10,3,0,78,29,0,10,2,3,94,139,19,149,10,0,6,0,9,2,345,57,3,852,6,3,14,17,19,49,8,17,2,1,0,18,28,30,45,42,556,213,0,6,15,0,2151,30,90,37,2,7
towel holder, 0,0,0,0,0,0,11,0,0,0,6,2,0,0,0,0,20,1,0,1,1,0,0,5,0,5,0,0,0,1,8,1,0,32,0,0,2,2,0,5,0,0,1,0,1,0,0,0,0,0,0,4,4,1,0,0,0,1,4,0,0,0,0,1,4,0,3,0,0,0,0,0,0,10,5,0,43,0,0,2,1,1,0,0,0,0,0,0,0,1,0,4,0,29,8,0,2,0,0,30,59,2,0,0,0
vase, 4,19,0,3,1,0,19,0,86,126,241,110,30,0,5,0,205,132,10,10,91,1,104,45,0,168,94,2,19,0,90,42,9,99,18,60,39,8,0,1,0,2,27,1,51,0,58,0,0,7,0,17,54,50,12,27,0,10,4,0,18,5,11,250,264,0,286,2,0,16,0,19,0,308,4,19,131,1,0,3,143,5,47,0,78,0,0,0,9,93,3,4,8,47,15,0,0,8,0,90,2,2055,21,4,13
watch, 1,7,0,0,6,0,2,0,39,56,91,95,33,0,4,0,42,37,19,108,48,0,10,12,1,157,69,1,4,0,19,4,4,15,6,80,11,11,0,2,0,1,4,3,94,2,90,0,0,7,0,11,14,31,10,2,0,32,7,0,48,4,5,57,210,2,45,0,0,21,0,7,0,76,0,2,21,0,0,1,33,9,48,1,23,0,0,0,13,15,61,3,3,14,2,0,0,11,0,37,0,21,2202,0,9
watering can, 0,1,0,0,0,0,0,0,1,1,4,5,0,0,0,0,4,1,1,0,0,0,0,2,0,6,0,0,0,0,1,0,0,3,0,0,0,0,0,0,0,0,2,0,0,0,0,0,0,0,0,0,0,3,1,0,0,0,0,0,0,0,0,3,3,0,8,0,0,0,0,0,0,7,1,1,3,0,0,0,0,0,1,1,0,0,0,0,0,0,0,0,3,2,0,0,0,0,0,2,0,4,0,23,1
wine bottle, 0,0,0,0,0,0,1,0,4,6,34,11,11,0,1,0,25,10,0,1,9,0,0,10,0,25,7,0,1,0,12,1,3,5,0,24,16,0,0,1,0,2,4,0,26,0,6,0,0,2,0,2,12,4,3,1,0,6,2,0,5,0,1,4,62,0,9,0,0,1,0,3,0,26,0,0,9,0,0,0,4,1,14,0,2,0,0,0,1,4,0,0,3,0,0,0,0,3,0,7,0,13,9,1,209
