Id,name,feature,feature,feature,feature,feature,feature,feature,feature,feature,feature,feature,feature,feature,feature,feature,feature,feature,feature,feature,feature,feature,feature,feature,feature,feature,feature,feature,feature,feature,feature,feature,feature,feature,feature,feature,feature,feature,feature,feature,feature,feature,feature,feature,feature,feature,feature,feature,feature,feature,feature,feature,feature,feature,feature,feature,feature,feature,feature,feature,feature,feature,feature,feature,feature,feature,feature,feature,feature,feature,feature,feature,feature,feature,feature,feature,feature,feature,feature,feature,feature,feature,feature,feature,feature,feature,feature,feature,feature,feature,feature,feature,feature,feature,feature,feature,feature,feature,feature,feature,feature,feature,feature,feature,feature,feature,feature,feature,feature,feature,feature,feature,feature,feature,feature,feature,feature,feature,feature,feature,feature,feature,feature,feature,feature,feature,feature,feature,feature,feature,feature,feature,feature,feature,feature,feature,feature,feature,feature,feature,feature,feature,feature,feature,feature,feature,feature,feature,feature,feature,feature,feature,feature,feature,feature,feature,feature,feature,feature,feature,feature,feature,feature,feature,feature,feature,feature,feature,feature,feature,feature,feature,feature,feature,feature,feature,feature,feature,feature,feature,feature,feature,feature,feature,feature,feature,feature,feature,feature,feature,feature,feature,feature,feature,feature,feature,feature,feature,feature,feature,feature,feature,feature,feature,feature,feature,feature,feature,feature,feature,feature,feature,feature,feature,feature,feature,feature,feature,feature,feature,feature,feature,feature,feature,feature,feature,feature,feature,feature,feature,feature,feature,feature,feature,feature,feature,feature,feature,feature,feature,feature,feature,feature,feature,feature,feature,feature,feature,feature,feature,feature,feature,feature,feature,feature,feature,feature,feature,feature,feature,feature,feature,feature,feature,feature,feature,feature,feature,feature,feature,feature,feature,feature,feature,feature,feature,feature,feature,feature,feature,feature,feature,feature,feature,feature,feature,feature,feature,feature,feature,feature,feature,feature,feature,feature,feature,feature,feature,feature,feature,feature,
0,LookDown,-0.019680694,0.064183846,0.026550835,-0.028784694,-0.031068344,-0.050915454,-0.007610725,-0.0619659,-0.012044707,-0.0041506207,-0.07413518,0.009470437,0.10489657,-0.06116516,0.053039487,0.04317024,-0.045820083,-0.020850828,0.05077145,-0.002437781,-0.032469254,0.026616646,0.032428347,0.042282354,-0.03583197,0.046624705,-0.025669755,-0.0077242157,-0.0927696,0.1283177,-0.03890641,0.03689151,-0.010016418,0.017449128,0.05031012,0.042513985,0.025249263,0.02705122,0.0020820312,0.07779488,-0.03957912,0.018511439,-0.015519241,-0.041232463,-0.04728605,-0.0046236846,0.034024887,0.017837612,-0.02983545,-0.0025528134,-0.021933446,0.00476349,0.044577878,0.06054629,-0.0021657865,-0.055314787,-0.0033448446,0.033547916,0.0002524342,-0.01309887,0.052715313,0.10348506,-0.056373574,0.028515097,0.023199659,0.008888048,0.014891219,-0.05026875,-0.07748709,-0.052272473,-0.035033725,-0.016406992,0.025648968,0.0040079504,-0.11527761,0.036290184,0.02967261,-0.021981288,-0.004456911,-0.0114634605,0.028047226,0.033607744,-0.049158316,-0.06829472,0.007380855,-0.038297605,0.017640887,-0.021634365,0.11576761,0.012634254,-0.036219373,-0.014469773,-0.12599427,-0.07174833,0.06610215,0.019602206,0.05608549,0.001365592,0.057609472,-0.023952808,-0.1517758,-0.05737482,0.03516525,0.014816497,0.011655103,0.07866521,-0.036822155,0.0034752702,0.024882557,-0.003980922,-0.01215723,0.015867699,-0.034895994,0.0073723593,-0.020647204,-0.011683225,0.057148885,0.02092328,0.04219835,0.028032219,-0.028586796,0.075769775,0.12521078,-0.008501981,0.05194537,-0.016121212,0.045225885,0.07868533,0.0053159716,-0.018165803,0.023997733,-0.06268588,-0.0073678475,0.049209975,0.030597845,-0.004602659,0.039459273,-0.0002544932,-0.043305423,0.030142073,0.09854937,0.049058955,0.081929974,-0.053136542,0.045144394,0.018420005,-0.05224709,0.034717154,-0.03907378,-0.0056890748,-0.0421335,0.04948322,0.018979516,-0.023437712,0.011518914,-0.021045422,-0.009924135,0.018092042,0.027871002,-0.038027428,-0.037772045,-0.010755544,-0.026549004,-0.050487064,0.03262634,-0.012967953,0.02623465,-0.03831684,-0.021349156,0.034029555,0.079351455,0.059214935,-0.041170415,0.030290516,-0.030622315,-0.13907075,-0.010727917,-0.059787937,0.09680576,-0.04783364,-0.05503489,0.0138482405,-0.059218828,-0.042632625,0.04499118,0.077245235,-0.03708051,0.056638222,-0.04618005,0.06523057,-0.0017232395,-0.10177932,0.08324959,0.038297582,-0.029601296,-0.030020904,-0.033398814,0.04113227,0.026161458,0.013690787,-0.021864792,0.0038276736,-0.02265816,-0.09806686,-0.0010936729,-0.03769271,0.02116903,0.016314767,-0.012819276,-0.015377554,-0.018592848,0.020773172,0.018878883,-0.019164858,-0.052323364,0.030501815,-0.023992935,0.0069786594,0.042244688,0.012554778,-0.010829154,0.09849698,-0.037292082,0.04631513,-0.0048942803,-0.028373584,0.00055646047,0.0006101507,-0.0012961158,0.009878582,-0.03543235,0.036503576,0.0051344084,0.07783352,0.10957428,-0.01643037,-0.018281966,-0.014697554,0.02295251,0.0031703545,0.020835834,0.004788477,-0.02876551,-0.02059501,0.06531873,-0.04648868,-0.03174069,0.01512179,-0.061998263,0.036321875,-0.0654309,0.040800236,0.0032258453,0.018337721,0.023612434,-0.025488582,0.0018421604,-0.0990673,-0.055628948,-0.012626123,0.08162021,-0.0021039157,0.07311239,-0.08769063,0.016716871,0.08653199,0.017298622,-0.017765597,-0.06441611,0.020597212,0.024479741,-0.011681238,-0.018724103,0.0012235738,-0.016229844,0.060652036,0.02983577,0.010387513,0.042211886,-0.0132868225,0.0031447539,0.0020230652,-0.014132714,0.07784757,0.08111763,0.05377831,0.011080507,0.07206716,0.09933565,-0.024686005,0.034776635,0.054658215,-0.046694443,0.05325373,0.027295252,-0.025909383,0.004137906,0.07077646,0.016837865,-0.027412998
1,MoveAhead,-0.020856159,0.02870957,0.017172402,0.076253965,-0.01159683,-0.008225596,0.0075521283,-0.012680648,-0.016512653,0.024774157,0.018570447,0.0144916745,0.0136550795,0.019336764,0.013994956,0.0024169302,0.022742463,0.031610765,-0.018077066,0.052927095,-0.012618517,-0.00733307,-0.023732748,-0.011938757,-0.01928742,0.0077914153,0.022502752,-0.0289948,-0.00085434003,-0.034198623,-0.04713963,0.035895098,-0.004305844,0.06586571,0.010964072,0.022074,0.014352912,0.019521829,-0.03538437,-0.0155620165,0.017087279,-0.02630694,-0.02592413,0.028584072,-0.052163962,0.05387973,-0.015697641,0.0073236106,0.004093453,0.020385979,0.009885793,0.024538327,0.03585824,-0.014478231,-0.0154162925,0.03850738,0.010286798,-0.0091361,-0.035695508,-0.02720453,-0.0056717885,0.019439196,-0.005274309,0.026954332,-0.017247295,-0.00016045518,-0.004983617,0.0016514149,-0.017814603,0.005464071,-0.010107134,-0.026129503,0.00023753995,0.020361807,-0.022490317,0.012151724,-0.008134717,-0.025784697,0.012602511,0.0020305344,-0.013121939,-0.011625434,-0.016999695,-0.0010078491,-0.0008343224,0.009535152,-0.009381138,-0.036671307,0.01587006,0.05620629,0.0016261893,0.013629209,0.011047809,0.0036320444,0.04370986,0.01512907,0.06047167,-0.011751639,0.033835217,-0.0031497723,0.011582441,0.015242526,-0.0022991034,0.025670622,-0.025484817,0.009115892,0.017911933,-0.019411892,-0.021806052,0.0069047404,0.013818782,0.03678458,0.0120749455,0.03615302,-0.011345597,-0.02037015,0.0061840783,0.038848527,0.028602436,-0.0006568282,0.0052300887,0.019329272,-0.0010117006,-0.002321375,0.014449561,0.03776095,0.029158242,-0.017055707,0.0085974205,-0.007591353,0.0013890059,-0.0066540777,0.0033593285,0.0155809205,0.05463595,0.011978216,-0.042185046,-0.033673503,-0.0114292335,0.0048618573,0.08622779,0.0142353065,-0.0032368258,-0.033689864,-0.010448367,-0.02364478,-0.01875068,-0.01685762,-0.013589201,0.012563738,0.04987264,-0.009834474,-0.039011657,-0.0067576384,-0.010559613,-0.023383291,-0.043863907,-0.00959112,-0.0061777937,-0.01845317,-0.034092784,0.014655825,0.04426917,-0.0013235792,0.020039653,0.010018582,-0.01613789,0.007826994,0.0031554888,-0.0035310346,-0.0050284746,0.011110689,-0.0320007,0.028989725,0.014539481,0.026616583,-0.0057805493,0.00040673307,-0.018340832,0.009001384,-0.0034827874,0.015378763,-0.019718528,-0.006281288,-0.00858297,-0.042204525,-0.03885563,0.022342151,0.012808138,0.0015139462,-0.013788773,0.003936512,-0.027388925,-0.01909924,-0.0010556901,-0.003867771,0.01958818,0.010704522,0.019328885,0.061311945,0.00994052,0.0041124113,-0.052191053,-0.013542121,-0.0075491597,-0.0124314,0.042061858,0.030204495,0.0013891154,0.051048204,-0.023587635,0.0008814604,0.015177408,0.0010141092,-0.012448853,-0.0118261995,0.022191638,-0.01681431,-0.011452842,0.015810682,0.006389818,-0.024648715,0.05118265,0.00069462403,0.001637412,0.010316837,-0.00394254,0.024263676,-0.010947296,0.019638322,0.008113756,0.019547522,-0.02948716,-0.018069966,-0.016635293,0.02224613,0.007586055,-0.0091923755,0.0013491461,0.04223867,-0.008162188,0.033848114,0.01779116,-0.045310285,0.0042985766,0.010021976,-0.030362971,0.006829242,-0.0028183467,-0.01259554,0.02338452,-0.018777827,0.01697804,0.013882609,-0.0134265525,-0.023581363,0.023858525,-0.023917308,0.008854582,-0.023655204,-0.022932826,0.015375749,-0.02076898,-0.030053243,-0.022203,-0.021515511,-0.009671005,-0.0051874868,0.007145528,0.08300853,0.0031336686,0.014794872,-0.014211234,0.007535821,0.019553104,0.03362554,-0.0014358239,-0.0073033213,-0.024858821,-0.04387795,0.0039782347,-0.022196623,-0.028678693,0.016223863,0.007993417,0.013023357,0.0030167955,-0.038289756,0.019246293,-0.010389056,0.011717575,0.036805537,-0.053456623,0.003296888,0.015657151,0.026983963,0.008901714,0.011519279,0.02566952,-0.011721912
2,RotateLeft,0.020614952,0.0046353023,-0.028740767,0.1150375,0.010402922,-0.045570232,-0.05245953,0.005341421,-0.0067010056,-0.00013341336,0.019990616,0.00035465416,-0.018999746,-0.013067199,-0.023233004,0.01449217,0.022602303,0.0018279934,-0.0028635352,0.11085308,-0.01831793,-0.0063724294,-0.0179727,-0.045102097,0.027318358,0.03027488,-0.008157784,0.009181779,0.026384173,-0.011962957,0.02567381,-0.007466913,-0.016616609,0.11891431,-0.0071752854,-0.008835004,0.03990029,0.009870792,0.01234531,0.020996975,-0.02596707,-0.041095413,0.022557724,0.027441163,0.036958665,0.031697597,0.0005679745,0.057223413,0.013286909,0.01434917,0.043000326,-0.02736291,0.05909466,-0.014764633,0.00525985,0.006616008,0.037718147,0.012123116,-0.018037677,-0.015414289,-0.039134704,-0.013148656,0.016724441,0.003984006,0.0026282053,-0.010006685,0.014581418,0.00474061,-0.024348088,0.016910136,0.0067800274,0.023223173,-0.037925106,0.04443019,-0.01312377,0.0064049517,-0.031519163,0.033405505,0.09693356,-0.040745895,0.0024411292,0.029950507,-0.024769258,0.020431194,-0.042869434,0.004212505,-0.012827449,0.11076576,0.040200464,0.1116267,-0.008348158,-0.023163453,-0.04814873,-0.021665607,0.10671393,0.028198,-0.016446937,-0.008939865,0.02271758,-0.017732091,-0.010999827,-0.019089023,-0.023920983,0.022093501,-0.00049697625,0.007975739,0.0288519,0.016866712,-0.015829464,0.015289925,-0.02175271,0.03559248,0.030870948,0.04234988,0.03336277,-0.000282011,-0.011781762,0.00583604,0.007696,0.0017192396,-0.030429387,0.0052342587,0.039408565,-0.01176689,0.029158406,0.048835702,-0.018529972,-0.02069703,0.039491434,-0.048830792,-0.014071043,-0.012371734,-0.029004525,0.053443253,0.02926319,0.034852423,0.11730148,0.03841499,-0.006252278,0.005322939,0.050494608,-0.02460723,0.012834162,-0.060723763,-0.07031034,-0.021918608,-0.011541545,-0.027979195,0.007795547,0.0023670788,0.005501967,0.0077757966,-0.015987758,-0.040672906,0.039369926,0.007986785,0.0056296596,-0.037005387,-0.029542662,-0.061690077,0.022615623,-0.0067508137,-0.016675852,-0.014212361,-0.0011234833,-0.0054350332,0.02397851,0.016958073,0.0051854886,0.014968512,0.014668823,-0.007820947,0.021811787,0.00611001,0.0031400332,-0.0032531722,-0.007315539,-0.01854828,-0.0017766528,-0.019292956,-0.015480078,-0.031066682,0.057985783,-0.0013206238,-0.03840576,-0.018674187,-0.110677205,-0.0019343824,-0.03930588,0.0072000995,0.03927263,-0.053373348,-0.0029365774,0.009619764,0.015299549,0.01220679,0.012717685,-0.005064229,-0.0025011217,0.040451027,-0.052103907,0.015755363,0.019628743,0.015309989,-0.027256887,-0.0041415966,0.010183209,0.00662926,-0.009439976,0.045377664,0.011248443,-0.0022878638,0.014736715,0.039253756,-0.014533811,0.019770557,-0.012045249,0.013945663,0.0041532163,0.008955311,-0.030105608,0.01676781,0.04369697,0.0055671893,0.011782542,0.05345743,0.044272617,0.019792708,0.047588117,-0.008495503,-0.0012088516,0.00789417,-0.04494236,-0.012982874,0.023263158,0.09830114,0.017488047,-0.016842064,-0.02223702,0.01245269,-0.033928964,0.039935365,0.0063698837,-0.05518017,0.005498062,0.024845878,-0.06617801,-0.0077438997,-0.0109148575,0.030989818,0.060289294,-0.050239116,0.004588673,0.046119332,0.029434212,-0.0037857746,-0.019570068,0.0200985,0.009251935,-0.048561994,-0.053902,0.06108782,-0.044185393,-0.03625709,0.05009167,0.011464475,0.013104947,-0.041804984,0.01725323,0.037805498,-0.011107139,0.029199459,-0.06607171,-0.010664926,0.06549979,0.053273037,0.00039552664,0.05143551,0.06472589,-0.123827204,-0.009029473,-0.06097494,-0.079350695,0.01664651,0.007073219,0.0039485483,0.0052501988,-0.03995492,-0.0148805585,0.007992348,-0.004228711,0.006234554,-0.01775261,0.019310592,-0.022054486,-0.011609335,-0.0060558347,0.0070091607,0.0031045922,-0.038052488
3,LookUp,-0.07080374,0.09512552,0.029375166,0.03255768,0.03770567,0.014494008,0.035548717,-0.080644205,-0.03913037,-0.014545152,0.033412445,-0.036246177,0.040675215,0.068037465,-0.082248785,0.014962971,-0.024552256,0.08050386,0.10901373,0.0022592188,-0.070408836,-0.03432829,-0.023486266,-0.031587154,0.0133123,0.038142662,0.013789343,0.16459253,-0.014954296,0.18212162,-0.094524,-0.07763363,-0.04019967,-0.06337644,-0.013425618,-0.06833728,0.056944843,0.0061047375,0.0050482354,0.07155522,-0.016959464,-0.07737764,-0.039895117,-0.024954552,-0.054900587,0.039001465,0.06375947,0.11885722,0.023564795,0.09648704,0.10673509,-0.09474133,-0.020401565,0.014041399,-0.064318515,0.025737394,0.014330667,0.086465076,-0.120969236,0.0077049755,-0.04240898,0.10748278,0.011722632,0.0046521146,0.043781634,0.041417904,0.039038774,-0.0126835285,-0.029289395,-0.06096221,0.033674527,-0.051580098,0.09799343,0.0027474344,-0.12727593,-0.079926156,0.019890895,0.04634633,-0.060142852,-0.02509653,-0.07652025,0.062153865,-0.08306641,0.20060559,0.05483649,0.033320185,0.040913984,0.030554507,0.070054874,0.024831263,0.024987066,0.009654071,0.09913273,-0.13413306,0.08584808,0.031484276,-0.02494943,0.048429437,0.01904248,-0.013991609,-0.070021234,-0.11853271,0.10007876,0.0483174,0.048917342,0.046850637,-0.01792152,0.043799624,0.003051205,0.0008675367,0.14752974,0.045858514,-0.043058302,0.0046884674,-0.082138754,-0.066205285,0.05110065,-0.13486697,-0.0037896305,-0.05506568,-0.019943995,-0.02604507,-0.019712403,0.071537234,0.09143914,-0.09097919,-0.021867774,0.09584972,-0.053386778,0.0672809,0.006655887,-0.1476803,-0.07028717,0.05868082,0.081406884,-0.092502445,0.02859573,0.051688362,-0.106588624,-0.16010572,0.14580797,-0.01589258,-0.057123005,-0.09493365,-0.05370872,0.04396995,-0.122993566,-0.18113463,-0.09334424,-0.048293274,0.011386031,-0.119632535,0.06406299,-0.1102844,-0.08380713,-0.0925582,0.05672393,-0.024062125,0.047857065,-0.05251212,-0.0004431644,-0.09394838,0.012508574,-0.072048165,-0.007142613,0.043292005,-0.07706388,0.043081004,-0.12549669,0.10578239,0.02337105,0.07038641,-0.07198756,-0.09868315,-0.01660559,-0.067047216,0.0045985407,-0.050362695,0.026241649,-0.11920891,-0.019636096,0.002692119,-0.14360277,-0.06381712,-0.024029648,0.018304719,-0.023874093,0.08928007,-0.0029447884,0.00092466176,-0.091779746,-0.0772308,-0.025198055,-0.027947355,0.007192916,-0.049890704,0.020560963,0.009188212,-0.024851669,-0.014536467,0.027614862,-0.015207986,-0.09627511,-0.09635393,-0.20655587,-0.0405582,0.04168413,-0.009153957,0.04156313,0.012434798,0.019752879,-0.040572047,0.0494126,-0.018365178,-0.0026211054,0.08277593,-0.028154869,-0.015053404,0.025972325,-0.005275513,-0.13016634,0.004619051,0.07752367,-0.0051635145,-0.005810678,-0.019919518,0.059002727,-0.07244719,-0.014357339,0.04421167,0.046071865,0.06940034,-0.016624857,-0.011928958,-0.05898987,-0.036126684,-0.0420741,-0.07605092,0.04435134,0.040028453,-0.098785914,0.026741464,0.045279305,-0.0837254,0.09242099,-0.09439353,-0.11686317,0.0056960224,-0.064432375,0.020772545,-0.02121714,0.019128634,0.05130137,-0.08719562,-0.022747647,0.030737301,-0.009493156,-0.16534013,-0.012629782,-0.0525212,-0.013540575,-0.0006500423,0.020649733,-0.014612764,-0.0033795342,0.021695334,0.036179226,-0.043368995,-0.0046549155,0.03852265,0.048182916,-0.027586883,0.025239518,-0.093552396,-0.042264502,-0.04672696,-0.022483438,0.05453192,0.05681917,0.0009819746,0.029675758,-0.02458834,-0.020413218,-0.003304574,0.025906576,0.05811731,-0.23718862,-0.020581909,0.08724403,0.042858254,0.0689801,0.0757326,-0.005526519,0.11440195,0.015801929,-0.00813165,0.071598575,0.0077139647,-0.042413525,0.04010371
4,RotateRight,-0.042203773,0.019199552,0.010542015,0.11019448,-0.0018265744,-0.01762521,-0.006637355,0.05048791,0.0007702347,-0.040291797,0.019189691,0.02798275,-0.027931945,-0.0032080386,-0.011478505,-0.0005429766,0.032179177,-0.002993547,-0.0062215817,0.08895633,-0.043281037,-0.022840066,-0.0018695776,-0.017209703,0.0038750751,0.074721046,-0.0036485444,0.0064658434,0.010834757,-0.024749493,-0.015898049,0.012649764,0.008953963,0.046773456,0.013715588,-0.013765627,0.021107266,0.018595954,-0.03336676,0.011947683,-0.010807768,-0.03344005,0.016627181,0.021581372,-0.050210074,0.075802624,0.016448237,-0.0022163922,0.046531893,0.02140485,0.02506721,-0.023454435,0.002321317,-0.023255745,0.03363448,-0.0045895074,0.006500738,0.015147895,-0.013536818,0.010514797,-0.014606131,0.019117422,0.0012611632,-0.0005246757,0.0070372424,0.0106853545,0.038762663,0.005317194,-0.04340389,0.014343687,0.03380187,0.016478045,-0.019490521,0.0069404026,0.03917123,0.0097195,-0.011642535,0.055458505,0.026036879,-0.016659996,-0.014094449,-0.029249337,-0.038703594,0.022791224,0.03494552,-0.012831849,-0.037517,0.0709445,0.018751953,0.12146662,0.031776626,-0.0043080207,-0.034838963,0.023186816,0.037679,0.1161634,0.01095419,0.0052744104,0.017969498,-0.0007784449,0.017581467,0.015013976,-0.036757674,0.032259427,-0.013183485,-0.031395536,0.031574752,0.0188042,-0.039218996,0.027852178,-0.02881741,0.012064691,-0.014123297,0.03684887,-0.038044687,0.008314568,-0.039686628,0.02085946,0.01614966,0.0032861382,0.008225491,0.0054844036,0.008095685,0.005770911,0.04995047,0.028016929,-0.024560638,-0.034718543,-0.015472316,-0.038710453,-0.011775233,-0.008253631,0.003123177,-0.010099627,0.04597101,0.05730547,-0.02002971,-0.015039982,-0.010254822,0.02270661,0.039173093,-0.026138071,0.005593345,-0.026699254,-0.017465064,-0.0007163007,-0.01377147,0.0046355994,-0.00051491417,0.023085646,0.026989324,0.006703231,0.006805668,-0.0115168085,0.013773514,-0.005038865,0.060197704,-0.0026508006,-0.05462822,-0.02003006,-0.002023989,-0.02020544,-0.03705087,0.02402812,0.015038279,-0.0013210871,0.016854111,-0.008378094,0.02540546,0.008113948,0.00032991005,-0.018445056,0.004432646,0.019067064,0.0020182992,0.009013135,0.026404263,-0.026649037,0.0021601485,-0.024334908,0.022025233,0.018118879,0.011760951,-0.04950445,-0.010437567,-0.020131826,-0.03266836,-0.00018028216,0.005471699,0.006410484,-0.002613241,-0.02349561,-0.032103226,0.013784814,-0.006002404,0.019965092,-0.0054927752,-0.020254653,-0.019146929,0.025930097,-0.02521767,-0.0030203995,-0.029245844,-0.0035186505,0.0045061507,-0.0037896314,0.051487107,0.008929354,-0.0070162513,0.029183086,0.047586255,-0.007623732,0.019653996,-0.012799884,0.009543769,-0.0011041282,-0.014077625,0.014376578,-0.018952178,0.07590679,0.049355198,0.019207027,-0.007845718,0.04863219,0.021215046,0.043983832,0.017136028,0.034070313,-0.010597451,0.0025236919,-0.013991396,-0.01421281,0.0011166835,-0.01672534,0.005380496,0.0551855,-0.0073510557,-0.038192127,2.4267887e-05,0.014458557,0.016813423,-0.025534458,-0.015733229,-0.0032185663,-0.009230536,0.024323866,-0.032657064,0.013260217,0.0031626867,0.013108525,0.04984497,-0.016202547,-0.009068868,0.023876535,0.0049436614,0.056724958,-0.028486222,0.0031386763,0.010868277,-0.00346962,0.0059202258,-0.019115342,-0.07405255,-0.021029886,0.05152672,0.011270796,-0.010741794,-0.0021855405,0.01706484,0.09383138,-0.023393894,0.026277956,-0.058789458,0.016301341,0.024123365,0.037276566,0.01624801,0.024074856,0.019393306,-0.022063576,0.011615486,-0.0016422723,-0.05987668,-0.013212732,0.019319437,-0.028493583,0.0019622627,-0.027966077,-0.007325565,0.0033334903,0.010123794,0.0292078,-0.026500795,0.0061169146,-0.017978782,0.0029172197,0.0019136005,0.0030236393,0.023165265,0.00813624
5,PickupObject,0.0035056465,0.020958869,0.037527286,0.043476816,0.0363515,-0.057513315,-0.020766642,0.019548161,0.022300212,-0.0097964965,-0.034572456,0.016053518,-0.01596702,-0.009605556,-0.0052686795,0.011750872,0.021963878,-0.019318163,0.031739157,0.037242156,0.0025528723,0.012137242,0.01918064,0.012635938,0.033459168,0.049261402,-0.0042284643,0.0073413462,0.020318538,-0.06469135,-0.0033693735,0.00038246214,-0.019920576,-0.05111451,0.02412733,0.029116202,-0.022920376,0.0553809,0.006795104,0.015348992,0.013833202,-0.019853136,0.03433634,-0.013602625,-0.10900815,-0.021914857,0.0041915006,0.011695002,-0.020799153,0.00033876422,0.0024894786,-0.030343512,-0.013032201,-0.04031393,0.03319009,-0.023226086,0.03282842,-0.05271554,-0.07322864,0.017833134,-0.022104954,-0.0006583586,-0.011552931,0.04060736,-0.0034639759,0.029160066,-0.007564576,0.004246616,-0.028113235,-0.012006904,0.033434015,-0.009209905,-0.014616856,0.030460302,0.008336638,-0.016082471,-0.007935733,0.023138387,0.04217092,0.012400845,-0.009854048,0.0016906698,0.02877372,0.0032495533,0.00056005124,-0.021416498,-0.051653158,-0.060825933,-0.010995974,0.008882624,0.030289603,0.021420864,-0.037533104,0.020938536,-0.004097453,0.043216668,0.036467157,-0.0066096107,0.023215417,0.006949669,-0.008764312,0.0003797114,-0.04647819,0.09103821,0.029840669,-0.024236126,-0.0044725435,0.023041015,0.009906866,-0.0054207398,-0.00018815696,0.0073532686,-0.024400424,-0.02257743,0.011258117,0.010456031,-0.025341416,0.0007017415,-0.012007131,0.044823345,-0.03312407,0.015537049,0.0034051544,-0.019209405,0.00586126,0.02431452,0.018145068,0.0020933736,0.019403776,-0.03519382,0.04045693,0.03711252,0.004275352,-0.03820727,0.061727423,0.004609713,-0.018510163,-0.018663697,-0.0039902735,0.019825164,-0.008784038,-0.014197709,0.014391911,0.0043250546,-0.018646672,-0.050444383,-0.068429224,-0.006061035,0.026569804,0.021678729,0.0059468797,-0.0037371635,0.032628816,-0.007783077,0.0024222103,-0.0002563417,0.012039899,0.037951678,-0.025366593,-0.036408946,-0.021501815,-0.025569586,-0.029135665,0.008819245,0.010370903,-0.0051913965,0.0008910179,-0.014616698,0.014550157,0.013176724,0.0035510124,0.012677848,-0.027715994,0.032213844,0.004774086,-0.026762877,-0.0017680692,-0.023086412,-0.0027111957,0.003365791,-0.019723913,0.007663522,0.0048638913,-0.059651185,0.013180199,-0.015539519,0.012316254,0.0460577,-0.0039093345,-0.017390316,0.013876176,0.0007845391,-0.009617219,-0.0033233122,-0.007712707,-0.014609486,0.015645754,0.008204796,0.00089624565,0.03515973,-0.02814622,0.020599354,-0.025891831,-0.026479676,-0.029059311,0.025897726,0.010141085,0.0029863908,-0.021188328,-0.034295104,-0.005111498,-0.012332367,0.011833178,0.015431732,0.01371111,-0.018100647,0.006922611,-0.009677403,-0.048221003,0.014716101,0.0032759998,0.023928843,0.0012716309,0.061237153,0.029857475,0.022574674,-0.0058382754,-0.020879583,-0.02414125,0.03258313,0.012903784,-0.0035739595,0.012895829,-0.035310067,0.043284595,0.007989912,0.011706784,-0.0067703933,0.016143715,0.039004833,-0.0067736316,-0.03420339,-0.00044780597,-0.083652556,0.04009828,0.0071505285,-0.013492639,-0.015513274,0.04009772,-0.011780512,0.044862863,-0.019195318,-0.0025316675,0.028619586,-0.008548962,0.029171173,-0.0053790477,0.039326742,-0.020192115,-0.0001671873,-0.018827286,0.0042955363,-0.042690895,0.00046535023,0.027831076,-0.015359749,0.00059023726,-0.029416353,0.0059099435,0.029424427,0.0018073507,0.03465176,-0.028406901,-0.027621964,0.007618271,-0.042836964,-0.01541228,0.031763982,-0.01610615,0.03971113,-0.03451199,-0.03166865,-0.06738459,-0.009170412,0.014127122,-0.012722413,-0.005568471,-0.041927274,0.022044374,-0.009750406,0.06694078,-0.0032277894,-0.053120203,-0.0142825125,0.010127777,0.0017600134,0.0022904493,0.02829737,0.03305915,0.00017454103
6,SliceObject,-0.038938552,-0.0051585413,0.028637482,0.083143614,-0.012311373,-0.026340945,0.0030445019,0.01111128,-0.018509645,-0.012980094,0.005171089,-0.0022486735,-0.00060565025,0.019750742,0.017972799,0.030893704,0.017790895,0.0024350665,0.035267837,0.012330315,0.015599201,0.00578505,-0.0056478004,0.010929333,-0.0040988284,0.032624394,-0.015599032,0.010329755,0.005667211,-0.014496795,-0.0042185024,0.008727988,0.016492458,-0.042988203,-0.008042459,0.00096878596,-0.040883753,0.040140733,-0.0032744028,0.010432308,-0.025241345,-0.02563234,-0.00789162,0.015696878,-0.016509334,-0.04182877,0.01987792,0.011921646,0.010516371,0.019174008,-0.0011974636,-0.0061032814,0.003847503,-0.00046616545,0.01133619,0.008542927,0.03612404,-0.021448707,-0.03993263,0.008328987,0.012981859,0.007725843,-0.008621948,0.030519469,0.007327421,-0.016336203,0.036606237,0.04408984,-0.007221112,-0.004391865,0.022413934,0.0005978613,-0.028906163,-0.0072987773,0.00074825395,-0.01797052,-0.031409737,0.0027795078,0.023227181,-0.04598452,-0.030380756,0.007252062,-0.016484419,0.063224584,-0.049219135,-0.017765379,-0.033147957,-0.11980584,-0.0027683422,0.028959427,0.010425349,-0.013685443,-0.05964003,-0.0058352677,0.00794416,0.009400696,0.068081595,0.001634126,-0.0014116756,0.010767778,0.0015101329,-0.02395966,-0.035641566,0.07832559,0.011840296,-0.03063755,0.013095185,0.011199941,-0.03558727,-0.009084073,0.0021013133,0.009587813,-0.017525867,0.02152195,-0.014893702,-0.010609559,-0.015707806,-0.0044939616,-0.01021235,0.021872986,-0.03988372,0.032683097,-0.005981005,0.018469812,-0.0025599706,0.036232892,-0.026818674,-0.013184291,-0.011423749,-0.026965672,0.034596425,0.015625833,0.008876324,-0.05073324,0.081715524,0.01636368,0.05664501,0.022905305,-0.0017809866,-0.008014628,0.037411485,-0.015284898,-0.0023540922,-0.04049023,-0.03218234,-0.00037473525,-0.017357208,0.009278816,-0.0004252895,-0.0039376235,0.02859666,-0.024033407,-0.009997431,-0.0035151814,0.0025336125,0.0060815234,0.008914367,-0.0035498638,-0.004603815,-0.014750325,-0.042876482,-0.03495851,-0.011727811,0.016232284,0.018931437,0.005900254,-0.029046768,0.020119336,-0.007925478,0.0033876356,-0.009474699,0.029983142,-0.0030484546,0.012753263,-0.009396325,0.010114473,0.016148055,-0.002476619,-0.0002634337,-0.013306907,-0.00240046,-0.003594774,0.0065290723,-0.045907445,0.009552426,-0.045295548,0.031500448,0.0043203593,0.011499715,-0.015149021,0.018709494,-0.014330306,-0.020336635,0.0172752,-0.0014970043,-0.008815143,0.009904744,0.022725495,0.029842546,0.03343086,-0.065658286,0.025321929,0.0065645003,-0.0029789426,-0.03004178,0.021055814,0.05369585,0.006316157,-0.014649749,-0.0010378013,0.031041738,-0.009045377,0.023195561,0.017441873,-0.028630098,-0.02137913,0.01326316,0.0035940239,-0.032749962,-0.037974704,-0.0026724252,-0.0013856028,0.0134055065,0.052113105,-0.025735285,0.008711148,0.028691402,0.021438528,0.01687385,0.024851521,-0.037114546,0.022570897,-0.021945044,0.0030097628,0.014546318,-0.010882203,0.019348325,0.008072224,0.024092523,0.04469692,-0.00088247005,-0.002057852,-0.0067124027,-0.06804806,0.025005732,0.002672204,-0.009772099,0.01811398,-0.0057004113,0.0036401574,0.013127111,0.010822316,0.0018222386,0.021301892,0.020184118,0.039999336,-0.00053661317,0.011833524,-0.033744235,0.007570333,-0.02480545,0.039158814,-0.06713497,-0.026094219,0.03607393,0.021018438,-0.010001694,-0.00875892,0.0042868555,0.01686749,0.0008222535,0.03301126,-0.06262225,-0.07655979,-0.0063865567,-0.068122655,-0.02299175,0.06696852,0.017417213,0.025102424,-0.0039919564,-0.021873413,-0.045008905,0.0049048383,0.0076945773,0.018119812,-0.0070523205,0.0011444829,0.0018216361,0.02347424,0.0996151,-0.017007947,-0.013362825,1.0935383e-05,0.012380315,-0.022062376,0.0082915025,0.033564903,0.020528998,-0.03214108
7,OpenObject,0.03581734,0.00038172305,-0.01966165,0.06374496,-0.024213172,-0.026728258,0.02615794,-0.0064042658,-0.006832201,0.009260818,-0.007715403,0.050748806,0.013194511,-0.014085824,0.007390991,-0.05310207,0.028963363,-0.017169748,0.005017118,0.047334813,-0.05762507,-0.03279257,0.020133108,0.0063434155,0.05008814,0.02495357,0.005563984,0.026634892,0.012289856,-0.013700296,-0.011899689,0.0034457296,0.0024656327,0.011116871,0.03409585,0.012599885,-0.023706937,0.06620511,0.005585589,0.03816214,0.013765166,-0.013328341,0.022305794,0.03607125,-0.015692968,-0.00472402,0.017054448,0.055449974,0.0022463356,-0.0119844135,0.007937353,-0.036381304,0.027468493,-0.0056652967,0.0013096032,0.034534134,0.03610898,-0.012518149,-0.009251999,0.012088421,0.046746004,0.024922926,-0.0071873534,0.025360068,-0.027569465,-0.005136971,0.05913079,0.0103034545,-0.025859587,0.00062134885,-0.002154821,-0.014626478,-0.04547264,-0.0042151758,0.00847248,0.016049936,0.04545397,0.07540207,0.008638404,0.0071489885,-0.02478338,0.02115205,0.039092988,0.051695902,-0.05595523,0.0045758476,-0.042394347,-0.03198245,-0.019684793,0.016652592,0.042224094,-0.025823614,-0.061482847,0.035653826,0.019820787,0.036181256,0.06331197,0.0033497289,-0.014068882,-0.018017862,0.037270624,-0.01548766,-0.042461805,0.04138003,-0.0022513582,0.033624865,0.016091233,-0.0057544718,-0.054497816,-0.044836536,0.0045446143,-0.024402497,0.02234727,0.027890049,-0.007994691,0.008025049,0.0031848478,0.023694001,-0.008536379,0.034423314,-0.04697081,0.07473378,0.02472439,0.020612555,-0.0020491946,0.06700115,0.016285976,-0.0024703783,0.024019925,-0.02003158,0.0054923045,-0.019892244,0.026916603,-0.014497515,0.040703654,0.018039756,0.060983356,-0.007263648,0.026213044,0.0077992706,0.0153476065,0.007133175,0.0071228603,-0.030599676,-0.041887984,0.0020269435,-0.025572777,-0.028509857,0.0135491565,0.0047179926,-0.028186638,-0.011954338,0.072881326,-0.007882497,0.037332065,0.038569096,0.03927319,0.021682998,0.019808222,-0.0009308364,-0.044160977,-0.04578689,-0.016135786,-0.03429062,-0.021926066,0.03116834,0.0033023134,0.011047787,0.030503115,0.014173263,-0.0007995431,0.022045702,0.023584042,0.0036735102,-0.027602708,0.010343015,0.029887976,0.008742185,-0.004032405,-0.0040417816,-0.009320264,0.022334032,-0.026450885,-0.017823903,-0.023443874,-0.038846415,0.0394018,-0.021764372,0.011124466,0.027756842,0.0056826514,-0.027135348,0.002465799,0.013289403,-0.041563746,0.056800283,0.014968775,0.0015007479,0.03208336,0.08135923,-0.039161447,0.01289184,0.012345057,0.04388053,-0.05802707,-0.033948608,0.040207062,-0.010016002,-0.030817337,-0.0056508286,-0.00386763,-0.051376656,0.06865506,-0.018945154,-0.028915498,0.00062104966,-0.016594104,-0.0016948008,-0.009233965,0.017714106,0.006292392,-0.004640391,-0.020243742,0.05349933,-0.017909972,-0.002737129,-0.027483242,-0.00022234675,0.0008179471,0.043708753,0.01538991,-0.0047480846,0.018652953,-0.02742617,0.031954754,0.011648349,-0.008375328,0.025399795,-0.0016591372,0.01763266,0.024777107,-0.021752654,-0.012659519,-0.034702606,0.03291378,0.014613842,0.024457024,0.003014375,0.009394071,-0.035079356,0.06292205,-0.0017441853,0.026113614,0.036419295,-0.03546535,0.001626324,0.00093893893,-1.9616447e-05,0.028438205,-0.023452304,-0.024931854,0.005210559,-0.042689353,-0.06651428,0.011424625,-0.0075159315,0.015106897,-0.007197366,0.0040020254,0.01865389,-0.00432554,0.06542683,-0.027609684,-0.025510374,0.021686463,-0.0062328056,-0.059727643,0.011238039,-0.0013659489,0.020819932,0.016695024,0.036028802,-0.045637775,0.04919001,0.02353364,-0.0049907016,-0.001202024,-0.07220798,0.04841474,-0.002107002,0.044628102,0.023146339,-0.04382717,0.00071192114,-0.012497162,-0.022020008,0.0068792165,-0.0032973571,0.056830443,-0.019105114
8,PutObject,-0.0022611276,0.044629283,0.024936559,0.037935127,-0.010565292,-0.067753285,-0.02103456,-0.021417059,-0.0077381097,0.02301889,0.027216546,0.005075696,0.009664621,-0.005453104,-0.011804231,-0.007047229,0.048344605,-0.03205083,-0.005312515,0.06390457,-0.035024107,0.022736501,-0.0070105596,-0.038245127,0.046063863,0.006368769,-0.009951949,0.06134056,0.011375381,-0.013289881,0.004323309,-0.014345285,0.028897231,0.0056434902,0.021756452,0.057090823,-0.022375068,0.05931335,0.005461691,0.061475158,-0.034474462,-0.035120822,0.018735925,-0.026678097,-0.0069332393,0.051847946,-0.0035042362,0.040067386,-0.05664103,0.0115727745,0.032747716,-0.01475981,-0.014728648,-0.017193055,-0.008276453,-0.002685481,0.00976125,-0.02649765,-0.007979816,0.018378546,-0.049848095,-0.046133496,-0.051049,0.06948392,-0.043776955,0.010117309,0.020823527,0.043366037,0.02074607,-0.020362455,0.044991877,-0.017838992,-0.028579399,0.014340619,-0.012315957,-0.016657911,0.007924443,0.017911214,-0.02554233,-0.051415395,-0.008955162,-0.012324002,-0.0005006854,0.04635068,-0.05998863,-0.03418374,-0.08721314,-0.053483866,-0.011277436,0.027375763,0.0073692976,-0.064850405,-0.026166344,-0.002734945,0.027277905,0.0757341,0.019100212,0.017948803,0.03503171,-0.0032150417,-0.0075474354,0.026161727,-0.05603053,0.0838755,-0.0034099394,-0.030487599,0.006065477,0.063276224,0.04292599,-0.021971162,-0.025510436,-0.008324987,-0.006738265,-0.01884516,0.0152452765,0.0059712413,-0.014389145,-0.0036419127,0.010739075,0.015046644,-0.016841134,0.03506314,0.013436723,0.033129014,-0.016486494,0.06158173,0.0066599925,-0.007604646,-0.0164342,-0.056450944,0.008929054,-0.011610745,0.029082136,-0.020471215,0.07629357,0.012455868,0.04848118,-0.0005294259,-0.013212709,-0.0328001,0.07162748,-0.04036813,-0.032465633,-0.017584283,-0.017281491,-0.02787318,-0.056071416,0.0015496019,0.0030210526,0.035039973,0.07155222,0.027707586,-0.003266984,-0.021204917,0.020298716,0.0022904396,0.001502369,-0.006742844,0.0017619325,0.02343777,-0.049142916,-0.050386958,-0.051588293,-0.026382916,-0.022283126,-0.0035173676,-0.05119318,-0.04720341,0.010527988,0.029938051,0.016119884,0.007515137,0.009412054,0.05076741,-0.010223503,0.002403857,0.007552462,-0.040133554,0.035605937,0.02134749,0.024933876,0.032515477,0.018794503,-0.03468928,0.02684451,-0.0237517,0.002029798,0.024197793,0.024420725,0.00219703,-0.02692791,-0.046753626,-0.008844258,-0.015760655,0.018175151,-0.004451435,-0.014032403,-0.012477809,0.020111945,0.10411162,-0.023347093,0.07404866,0.015915522,0.002601606,-0.022169365,-0.0027066364,0.06637075,-0.020825692,-0.034912795,-0.008403319,-0.02977571,-0.00021875225,0.03087491,-0.0076015154,-0.009267515,-0.06100718,0.005324046,-0.002129572,-0.007999877,-0.0056652897,0.020747432,-0.025805159,0.013910001,0.05893194,-0.010533689,-0.023613175,-0.02486292,0.032944243,0.055562567,0.012560076,0.039896954,0.005141932,0.025494618,0.012154387,0.026125299,0.042852983,-0.020407315,0.009665845,0.048069265,-0.028598243,0.039879102,-0.017872378,-0.015181541,-0.08920513,0.056603618,0.018674979,-0.00768319,-0.0033437149,0.0012928142,-0.034717456,0.056669734,-0.004451691,-0.017453162,0.029455058,-0.03975793,0.018427117,-0.034601785,0.07263167,0.009042008,-0.026055457,-0.01708762,-0.010889342,-0.13888888,-0.021142779,0.002824098,-0.034686986,-0.0034827199,0.01321395,-0.011656348,0.053031787,0.0028261165,0.019725196,-0.04880925,-0.020780457,0.026755903,-0.031314116,-0.07873252,0.066349864,-0.025649818,0.0313155,-0.009946849,-0.005534255,-0.049722053,0.0045569986,0.0136408005,0.0033046228,-0.0030861157,-0.06160205,-0.00027897078,0.046757765,0.03974479,-0.027984144,-0.014341601,-0.015691005,-0.039442092,-0.05892132,0.010138838,0.052524913,0.042389385,-0.035816994
9,CloseObject,-0.018823035,0.012124656,0.013088955,0.08706439,-0.010976197,-0.022540504,-0.01654084,-0.004541758,-0.009795777,0.0046781697,0.015532636,0.0032735753,0.027495937,0.005576881,-0.027711734,-0.04299032,0.056509886,-0.017348288,0.02596062,0.016527364,0.014297072,-0.015280283,-0.035251983,0.02511305,0.009746288,0.0067349444,-0.04160073,0.006856811,0.0123592485,-0.025139313,0.0011069489,-0.01547201,0.029527187,0.047758285,0.025381064,0.0150389075,-0.043635983,0.071020216,0.0050789993,0.03141371,-0.0135321515,-0.0045797513,-0.0025288214,-0.0015667193,-0.018380811,0.015471811,0.043695427,0.014111486,0.005070211,0.01201501,0.031210968,-0.025072493,0.010709792,-0.00395981,0.015707722,0.024291493,0.024347097,0.00062153407,-0.06288314,0.024860958,-0.0061804545,0.0044905343,0.011498621,0.053887695,0.0053819423,0.019746408,0.031417172,0.03434819,-0.020771043,0.0048761377,0.037045255,-0.014442063,0.010477361,0.006548219,0.026417507,-0.02027885,0.014026882,0.014178214,-0.019716796,0.026506053,-0.011653428,-0.003866441,-0.037087042,0.065185666,-0.010459346,-0.0058455137,-0.055041295,-0.013735294,0.003919332,0.024236202,0.013031155,0.0046463353,-0.06026729,0.0060816584,0.059153635,-0.015271922,0.006985459,-0.025695298,-0.018432548,-0.021900045,0.01297973,-0.039299585,-0.0478874,0.061534777,0.026576662,-0.008145868,0.038622458,0.027482016,-0.01651144,0.018821822,0.015225384,0.0066010375,0.005042946,0.023478873,-0.012443257,-0.02888059,0.0037453622,-0.021650242,-0.012674813,0.037400153,-0.017299995,0.059912357,-0.0054245656,0.04077659,0.0018816665,0.01928552,-0.015351789,-0.025892707,-0.012860177,-0.008574328,0.019041961,0.002715658,0.017685296,0.0111318845,0.04829841,0.030293847,0.015628077,-0.018826734,-0.027263744,0.014846404,0.0336584,-0.03232945,-0.026163582,-0.03208992,-0.05805901,0.01030827,-0.030783376,0.0034289262,-0.014079177,-0.0053887474,0.0076950104,-0.0038204417,-0.049792755,0.017371798,0.017270079,0.009862484,0.03733799,-0.0031547148,-0.049855337,-0.0029402815,-0.028332764,-0.0071236375,0.023879617,-0.010130029,0.016090425,0.02761951,-0.00819723,0.0074016494,0.0092433775,0.017528275,0.021596331,0.011974996,-0.008961014,0.012343683,-0.033001076,-0.0075892177,-0.03236965,-0.008309364,0.00025854984,-0.022470517,0.012000958,0.0151094645,-0.027410833,-0.040282216,-0.023581462,-0.03562329,0.006292936,0.004121544,-0.018303964,0.018770281,0.004104331,-0.024042673,-0.00504244,0.021841995,-0.006734404,0.00085700635,-0.009542403,0.019316943,0.012919315,0.04879764,-0.07053778,0.022977829,0.003552277,-0.0013254782,-0.02688997,-0.0024958435,0.055077963,0.0031788258,-0.03285436,0.0068598916,0.04728555,-0.0031808615,-0.01603723,-0.013563211,-0.013813567,-0.016584126,0.03914537,0.0168922,-0.0034640958,0.0069599333,0.0004407784,-0.007973546,0.009550957,0.028716125,-0.010015685,0.03126898,0.013392465,0.004234413,0.039344512,0.012732248,-0.026090255,-0.007275345,0.012492974,-0.00047325756,0.013132304,0.040018544,0.008858959,0.019198129,0.03435633,0.018663103,0.018214501,-0.0318493,-0.015363806,-0.0823257,0.0006646305,-0.018715285,-0.009201788,-0.0027398397,0.016791182,-0.047552615,0.033211935,0.024029136,-0.012028885,0.012643592,-0.007059993,0.03893288,-0.012196344,0.02217523,-0.02228261,0.015855292,-0.025271855,0.02844019,-0.05366002,-0.031111427,0.01854599,-0.017491836,-0.0328581,0.009380144,0.001386742,0.045867443,0.00648917,0.00074716326,-0.017006675,-0.06480334,-0.0024564427,-0.01969653,-0.0048991833,0.0020765928,0.010043027,0.061472494,-0.0029647283,-0.01639674,-0.08755363,-0.0037888677,0.0034148798,-0.0039938944,0.010729683,-0.040519442,0.0066441265,0.027487578,0.06970904,0.013320494,-0.04608218,0.0025645723,0.0024965203,-0.019186448,0.005488547,0.027214777,0.02157768,-0.022245653
10,ToggleObjectOn,-0.025436765,-0.0028491109,0.003797895,0.059543025,-0.0047199787,-0.0069329673,0.033081062,0.0024978572,0.015195005,-0.034962907,-0.00023126013,0.012646159,0.008904817,0.025101086,-0.023484997,0.008053586,0.02818222,0.004110927,0.014032327,-0.018472947,0.024555925,-0.008476902,-0.025611553,-0.0017055885,0.036510155,0.019332541,-0.01850396,0.02409858,0.00895877,0.0126100285,0.00998579,-0.021284599,-0.0056805126,0.010959556,0.028688218,0.014442096,-0.037692316,0.047601264,-0.003457108,0.011128351,-0.0037257308,-0.0250855,0.005972773,-0.020863434,-0.029653061,-0.02309966,-0.0011626296,-0.001682227,-0.004308677,0.005700584,0.006494231,-0.025057215,0.00855413,0.006273235,-0.019771446,0.015564397,0.038024276,-0.02313197,-0.027476944,0.00049854943,0.025570177,0.007859975,0.0077150725,0.02035877,0.027420875,0.017361293,0.006108736,-0.013797335,-0.04313471,-0.009042164,0.019030765,0.039506417,-0.011482663,0.014852153,-0.014999306,-0.015290862,-0.0065110354,-0.009922888,-0.021466432,-0.012323953,0.0064066015,0.015297357,0.016613612,0.055870574,-0.025879644,0.0008813534,-0.042722456,-0.015508376,0.011170754,-0.013347897,-0.005282806,-0.013622417,-0.005667419,-0.0086380895,0.05683699,0.026506787,0.01707194,-0.013110394,-0.03812748,0.03598372,0.0072363783,-0.0062253415,-0.035623454,0.04114557,0.0037268368,-0.010244655,0.016389158,0.0100249145,-0.03211891,0.028647346,-0.021738276,-0.008999967,0.0025277673,0.032889068,-0.02603108,0.004659755,0.0019693512,0.018098164,0.014438756,0.012380338,-0.027369004,0.041631393,-0.00074842013,0.038765427,0.014390506,0.0446117,-0.0009111328,-0.022808604,-0.017994383,-0.042476617,0.0064855022,-0.010037409,0.013117192,0.020218067,0.050542638,0.02221877,-0.008663477,0.0006578099,-0.0064726304,0.026757231,0.0070138974,-0.026050832,-0.002921177,0.0010151857,0.0026026922,0.00782171,-0.028176244,0.0038731322,0.008062672,-0.013363583,0.022405729,-0.010549698,0.015147645,-0.012211284,-0.025065754,-0.026292015,0.026979811,-0.022640368,-0.020076541,-0.006503742,-0.028575754,-0.030581167,-0.018515779,0.014313662,0.03744611,0.009216713,-0.013355217,0.019815337,0.0066555846,0.00742403,0.016227618,0.016679,-0.009714876,0.028817838,0.006582774,0.001975717,-0.012389988,-0.008969064,0.006260556,-0.035841774,-0.014234634,-0.0025891978,-0.013350881,-0.011492552,0.04029505,-0.030900344,-0.0025884127,-0.0047083455,0.03898873,0.016905896,0.015137002,-0.019222746,-0.0019805017,-0.0012005239,-0.017675195,0.011770811,0.0062824627,0.017369457,0.011522485,0.050457682,-0.009984359,0.003947289,0.0015001738,0.0025946922,-0.013382265,-0.005749747,0.008814107,-0.002013511,-0.009265561,0.0019611395,-0.022254452,-0.028063007,-0.01396026,0.01764114,0.0016539141,-0.038785655,-0.0063953325,-0.007727162,-0.0061256583,0.010923529,0.03242901,-0.015705703,0.005439097,0.03467405,-0.016565703,0.010045223,-0.0032425532,-0.0049179657,-0.017441384,0.03676006,0.015665688,0.028453495,-0.0038208268,-0.004338364,0.009381152,0.041460942,0.0007341529,0.0028077243,0.008080266,0.019750629,-0.0026354147,-0.03847953,-0.024764247,-0.05746792,0.004133436,0.014418954,0.0037884766,0.006626779,0.026696429,-0.054823555,0.03759118,-0.005019446,-0.007590304,0.042065546,0.014525978,0.020427614,0.014465521,-0.0013796887,-0.009374481,0.030864399,8.7171793e-07,0.0016296034,-0.03661374,-0.0094585065,-0.011244392,0.0064239707,0.022066994,-0.02701833,0.03311591,0.054530304,0.005670523,0.02309044,-0.010601136,-0.06315468,0.016178628,-0.015160492,-0.05923296,0.04783016,-0.002539248,0.029007874,-0.037412185,0.0059253583,-0.038548626,0.03330929,0.009130912,0.004729118,0.02768495,-0.06773633,0.017574906,-0.012309963,0.072494835,0.01261239,-0.017947664,0.017279409,0.020786619,-0.009038959,0.02379749,0.009912583,-0.001570059,-0.015312096
11,ToggleObjectOff,-0.0172025,-0.010347976,0.013340755,0.06570165,0.010070677,-0.01738585,0.018883923,0.0032835999,-0.0031417515,-0.045002814,-0.001986008,-0.0052252337,0.004460295,0.007006995,-0.026265092,-0.0021284192,0.029555332,0.008121946,0.01298642,-0.0041793636,0.021393375,0.0023607556,-0.034654304,0.00037181578,0.025121704,0.031222556,-0.015194187,0.025346037,0.0067840996,-0.009894018,-0.002050986,-0.031807724,0.003909807,0.024711903,0.027013069,0.0127591975,-0.01252576,0.04968746,0.0077039455,0.032736428,-0.0020261942,-0.029371396,0.007773142,-0.0084276395,-0.009873632,-0.01082308,0.006868083,0.0040761707,0.0037060846,0.0034705729,0.016909486,-0.041104943,0.01537198,0.0049776384,0.0041550607,0.034740508,0.045558073,-0.005661072,-0.01939537,-0.0029043406,0.013127915,0.0059753177,-0.008312235,0.015322659,0.021827454,0.017193602,0.014088747,-0.0119439745,-0.05276472,0.0018015825,0.032167576,0.044033874,0.0049814656,0.016144829,-0.023206063,-0.028607603,0.01014127,0.0011917594,-0.010671056,-0.019043177,-0.007443663,0.008865056,0.0075333007,0.04230296,-0.021122668,0.011948543,-0.055109873,0.00476108,0.022455113,0.0024043906,0.005281062,-0.016459592,-0.019442473,-0.005426265,0.04073594,0.034201343,0.028679295,-0.026390376,-0.030283105,0.02840409,0.013718148,0.0044653364,-0.051148552,0.041012596,-0.007095657,-0.021017611,0.044401538,0.03385658,-0.038688075,0.013057556,-0.037363436,0.0050957906,-0.016333232,0.018141344,-0.021637734,-0.009259047,-0.0039782138,0.018382668,0.002293822,0.018065477,-0.041010823,0.027204758,-0.009073607,0.03851216,0.016967138,0.062654935,-0.02156426,-0.01355912,0.0023466356,-0.03059615,0.012464805,-0.022352543,0.03684788,0.036784306,0.03745305,0.03266268,0.011245776,0.010735432,0.00043122072,-0.0029767375,0.0030563509,-0.027132722,-0.015673358,0.0070903986,-0.0043395036,0.010169032,-0.040529545,0.013385617,0.005936067,-0.019761669,0.039029997,-0.0055284672,0.012320958,-0.02009032,-0.00091535575,-0.017980114,0.032825522,-0.0092499945,-0.019089822,0.009947229,-0.016396614,-0.025198823,-0.023697583,0.040633433,0.040971864,-0.0074641285,-0.014235122,0.013731846,0.005884996,0.025502387,0.010372289,0.016878845,-0.012006643,0.032446563,0.0049220556,-0.001600367,-0.03952184,-0.015591039,-0.0009994197,-0.046946384,-0.0103617385,-0.0063807485,-0.008990042,-0.027211415,-0.0050031734,-0.016669119,-0.014674094,0.0043809186,0.036220476,0.011666481,0.02378346,-0.0076209265,-0.013324786,0.010699396,-0.009846548,0.018809063,-0.0111570945,0.025741147,0.034043767,0.05476848,-0.003455828,0.0043368894,-0.016796634,0.027233446,-0.0059463824,-0.008689086,0.039563186,0.00039705005,-0.0117236795,0.0049142065,-0.01939547,-0.029467281,-0.008944792,0.017572153,-0.013537818,-0.030360831,-0.012235495,-0.005453162,-0.014914797,0.0047676647,0.042537637,0.0012389594,0.028173748,0.050647184,-0.027042054,0.021210346,0.0112349475,0.0068371734,-0.00686825,0.033440858,0.025169829,0.020399557,-0.0056809774,-0.0018839996,0.026960367,0.043058712,0.0014056787,-0.014845115,0.016371835,0.0083998265,0.01891287,-0.02072599,-0.024037413,-0.05930556,-0.008200316,0.026422752,0.009622231,0.020637667,0.026285408,-0.048804343,0.03579222,-0.006069781,-0.0030814698,0.03502513,0.035349727,0.036238607,0.007420255,0.020362845,-0.015945707,0.023185614,0.019547408,0.028743912,-0.06517124,-0.024327058,-0.017182851,0.0047718002,0.020062104,-0.005373823,0.022855673,0.026312344,-0.014207477,0.03259197,0.012392867,-0.06773998,0.026104448,-0.020458993,-0.07345799,0.03613865,0.010002859,0.019793667,-0.041292906,-0.0015720032,-0.018530682,0.033525985,0.02510858,-0.011250141,0.036913104,-0.058813103,0.017999426,0.006018812,0.047163818,0.008582587,-0.020213028,0.008250343,0.023767216,-0.024093935,0.018549437,0.015021328,0.003745517,-0.020432657
